A,B,C,D,E,F,G,H,Y
0.1917,0.2844,0.1811,0.03314,0.06576,0.1471,0.3516,0.3576,0.3096
0.148,0.2402,0.1593,0.02745,0.05324,0.1286,0.3204,0.3727,0.302
0.1492,0.2567,0.1552,0.02629,0.06003,0.1374,0.3498,0.3822,0.3143
0.2987,0.2493,0.3592,0.03953,0.06003,0.1512,0.3577,0.3935,0.2888
0.2958,0.3199,0.2975,0.1174,0.159,0.2481,0.3748,0.3988,0.3896
0.1864,0.2874,0.3073,0.02293,0.04467,0.16,0.2793,0.2879,0.3528
0.1949,0.2769,0.3038,0.01591,0.03862,0.1527,0.2334,0.246,0.3074
0.2254,0.2153,0.2253,0.03392,0.05323,0.1242,0.3899,0.4393,0.284
0.1299,0.1419,0.1243,0.00863,0.02765,0.06677,0.3145,0.4283,0.241
0.2756,0.2674,0.2396,0.03896,0.0722,0.1636,0.3304,0.2988,0.3015
0.2297,0.2599,0.199,0.04145,0.08002,0.1511,0.3194,0.3242,0.3171
0.1939,0.261,0.2475,0.02088,0.03743,0.1074,0.3209,0.3429,0.3287
0.2064,0.3124,0.2725,0.04249,0.08174,0.2028,0.2971,0.298,0.3502
0.228,0.3241,0.2348,0.0354,0.08305,0.1981,0.2618,0.265,0.3484
0.2909,0.3328,0.4983,0.03872,0.05876,0.144,0.3211,0.3029,0.3971
0.1958,0.3211,0.2355,0.04941,0.09592,0.2123,0.3577,0.3721,0.3572
0.1487,0.3798,0.2237,0.0357,0.07216,0.2741,0.2848,0.2974,0.384
0.2028,0.275,0.2753,0.04003,0.0803,0.1917,0.4223,0.4736,0.3759
0.3372,0.3016,0.4283,0.0436,0.07781,0.1488,0.289,0.3101,0.3142
0.26,0.2526,0.5389,0.009437,0.01941,0.09209,0.2521,0.2346,0.3002
0.1765,0.2799,0.244,0.03601,0.06054,0.1578,0.3414,0.3528,0.3255
0.1374,0.2895,0.194,0.02995,0.06328,0.1631,0.3558,0.3863,0.3459
0.1537,0.3435,0.1521,0.03519,0.08686,0.2303,0.2888,0.286,0.3431
0.2124,0.2124,0.2764,0.01744,0.03668,0.1054,0.3783,0.4096,0.2717
0.2941,0.2743,0.2673,0.05974,0.09667,0.166,0.3459,0.3626,0.3197
0.3098,0.2665,0.2747,0.04372,0.07891,0.1511,0.3242,0.3106,0.3154
0.1851,0.2857,0.1869,0.04954,0.07805,0.1583,0.3275,0.3441,0.3457
0.3185,0.1756,0.691,0.01077,0.02358,0.0944,0.3499,0.2156,0.2089
0.1559,0.1729,0.1473,0.01687,0.02785,0.1042,0.4057,0.5369,0.2612
0.1957,0.2339,0.1719,0.03754,0.06264,0.1263,0.2873,0.3704,0.3082
0.1788,0.186,0.1932,0.02497,0.03532,0.1204,0.4058,0.5207,0.2587
0.1428,0.3219,0.2059,0.03782,0.07303,0.1742,0.3667,0.3439,0.3541
0.19,0.2795,0.1859,0.03942,0.07791,0.1767,0.3343,0.3692,0.3299
0.1554,0.1368,0.2566,0.01142,0.01894,0.06487,0.3929,0.5233,0.2799
0.2033,0.1854,0.4991,0.00814,0.02093,0.074,0.2964,0.2429,0.2691
0.1557,0.2794,0.2291,0.02709,0.04378,0.1301,0.3876,0.4273,0.3564
0.1882,0.2921,0.2963,0.0295,0.05635,0.1472,0.2725,0.2942,0.3489
0.1213,0.2533,0.2101,0.0164,0.02737,0.09819,0.3491,0.4368,0.3314
0.241,0.3504,0.2566,0.05787,0.1132,0.2382,0.3371,0.3136,0.3796
0.1746,0.3216,0.3077,0.02446,0.04398,0.1388,0.2881,0.3415,0.3811
0.198,0.2725,0.2681,0.03447,0.055,0.1356,0.3822,0.4302,0.3684
0.1673,0.259,0.2837,0.02036,0.04513,0.1597,0.4496,0.4787,0.3594
0.1353,0.2348,0.1424,0.02775,0.05303,0.1275,0.3215,0.3778,0.3251
0.1932,0.2738,0.2173,0.02931,0.05667,0.1117,0.2772,0.3037,0.3041
0.1206,0.331,0.2298,0.02028,0.03524,0.1515,0.2245,0.3006,0.4388
0.1825,0.2363,0.1993,0.02632,0.05186,0.1281,0.3192,0.3773,0.3226
0.1962,0.3162,0.2005,0.04819,0.08814,0.1965,0.3251,0.323,0.3615
0.2245,0.2329,0.31,0.03949,0.05435,0.144,0.3577,0.4684,0.307
0.2146,0.3259,0.2206,0.03293,0.07166,0.1829,0.307,0.2994,0.3449
0.2131,0.2916,0.2857,0.033,0.05819,0.1454,0.3558,0.3608,0.3546
0.1484,0.2009,0.1505,0.01532,0.03747,0.09673,0.3027,0.3638,0.2753
0.09176,0.2283,0.1456,0.01244,0.02277,0.09267,0.3091,0.463,0.3105
0.1717,0.3317,0.2091,0.03867,0.08034,0.2321,0.2633,0.2825,0.3278
0.2178,0.3066,0.3303,0.02864,0.0529,0.2131,0.3446,0.3795,0.3946
0.2324,0.3087,0.3417,0.03639,0.06302,0.1493,0.2576,0.3038,0.3299
0.1352,0.2477,0.2003,0.01521,0.03216,0.09558,0.3092,0.3299,0.3202
0.1486,0.3324,0.2648,0.03393,0.05759,0.1586,0.3723,0.4195,0.3897
0.1938,0.2217,0.2162,0.02648,0.04602,0.1295,0.3616,0.4137,0.3167
0.1527,0.26,0.1946,0.031,0.0639,0.1753,0.3822,0.4054,0.3291
0.1807,0.2724,0.2131,0.04161,0.06778,0.1935,0.3667,0.4108,0.3
0.1658,0.226,0.1491,0.0311,0.06018,0.1233,0.3392,0.3852,0.2902
0.2699,0.2551,0.4426,0.01943,0.04021,0.1121,0.2908,0.2646,0.3095
0.268,0.3044,0.4483,0.02744,0.04019,0.1447,0.3105,0.366,0.3462
0.08124,0.3249,0.261,0.006868,0.01318,0.0934,0.2016,0.2763,0.3431
0.1486,0.2885,0.2646,0.02579,0.0433,0.1212,0.3205,0.4322,0.3764
0.3056,0.2853,0.2619,0.05695,0.09866,0.191,0.3395,0.3327,0.3303
0.1751,0.2488,0.1767,0.03586,0.06685,0.1685,0.3242,0.3504,0.3187
0.09351,0.1826,0.1057,0.009825,0.01955,0.08834,0.3349,0.4158,0.2675
0.1556,0.2385,0.1074,0.01502,0.03144,0.1256,0.223,0.2917,0.2794
0.1836,0.1979,0.2415,0.03234,0.04476,0.1363,0.3815,0.5651,0.2894
0.1865,0.243,0.1724,0.03925,0.07304,0.1639,0.3418,0.3712,0.3032
0.3088,0.332,0.2723,0.09516,0.1475,0.2432,0.3543,0.3523,0.3651
0.1983,0.2562,0.1872,0.04351,0.07686,0.1468,0.3608,0.3918,0.304
0.1665,0.2195,0.1215,0.01758,0.0438,0.1142,0.2669,0.2665,0.2576
0.1165,0.2932,0.2014,0.01766,0.04208,0.116,0.2635,0.3558,0.3496
0.251,0.303,0.3696,0.03004,0.05201,0.1629,0.3113,0.3107,0.3672
0.136,0.2063,0.1672,0.01885,0.041,0.1147,0.3649,0.3828,0.2849
0.1567,0.2911,0.135,0.04249,0.1063,0.1752,0.3054,0.3231,0.3345
0.1824,0.2533,0.1713,0.04084,0.07846,0.1668,0.3646,0.3538,0.3247
0.1664,0.2863,0.2246,0.02504,0.04953,0.1442,0.3649,0.3677,0.3813
0.3367,0.3434,0.4291,0.08164,0.1184,0.2071,0.2916,0.2928,0.3683
0.1468,0.2751,0.1723,0.02727,0.06611,0.1661,0.4024,0.3706,0.3388
0.1098,0.2326,0.1611,0.01473,0.03559,0.1095,0.288,0.3944,0.3282
0.1348,0.1797,0.1555,0.0207,0.0306,0.1197,0.34,0.514,0.2714
0.2221,0.2963,0.1996,0.05093,0.09093,0.1893,0.3241,0.3408,0.3375
0.2102,0.3659,0.4389,0.03496,0.05312,0.1934,0.2536,0.2854,0.4252
0.2876,0.2725,0.4371,0.02095,0.03701,0.1644,0.2871,0.3273,0.3583
0.1848,0.2755,0.1837,0.03508,0.06847,0.1591,0.3819,0.3789,0.3256
0.2447,0.2896,0.3909,0.0225,0.04173,0.1442,0.3353,0.3399,0.366
0.346,0.2426,0.7364,0.01116,0.02684,0.1112,0.3767,0.2228,0.2385
0.158,0.3913,0.3169,0.02437,0.05698,0.2126,0.2494,0.2475,0.42
0.3652,0.2541,0.4936,0.03146,0.05125,0.1239,0.2352,0.2668,0.3228
0.2021,0.1952,0.207,0.03219,0.04686,0.1093,0.3883,0.4917,0.2541
0.2187,0.2326,0.2179,0.03568,0.06465,0.1445,0.3346,0.3655,0.314
0.1696,0.1469,0.2925,0.01468,0.02646,0.07258,0.3039,0.4442,0.2774
0.2639,0.3306,0.3808,0.04592,0.07935,0.1884,0.3854,0.3397,0.4046
0.1683,0.1602,0.1478,0.01847,0.03142,0.1035,0.3542,0.4769,0.2441
0.1805,0.302,0.2241,0.03995,0.06873,0.1641,0.3607,0.3627,0.3453
0.1506,0.2414,0.1576,0.03201,0.05606,0.141,0.288,0.386,0.3327
0.2178,0.2645,0.1931,0.0485,0.09227,0.1581,0.3611,0.3669,0.3382
0.1595,0.2236,0.153,0.02282,0.0445,0.1106,0.2776,0.3629,0.3016
0.1645,0.2755,0.1982,0.03609,0.07935,0.1825,0.3932,0.3501,0.3669
0.1137,0.3229,0.2709,0.0138,0.02974,0.1733,0.3532,0.3709,0.3915
0.1795,0.2359,0.1884,0.02541,0.05062,0.11,0.3553,0.3547,0.2837
0.1082,0.1816,0.1133,0.01282,0.0296,0.09514,0.3058,0.4035,0.2462
0.2159,0.2546,0.3856,0.02756,0.03644,0.1318,0.2707,0.3857,0.3003
0.2155,0.3002,0.3285,0.02321,0.05113,0.1287,0.3061,0.2991,0.3593
0.2651,0.2892,0.3013,0.02654,0.06595,0.1679,0.343,0.2961,0.3131
0.1982,0.313,0.2015,0.03092,0.06629,0.197,0.2553,0.2482,0.3366
0.2017,0.313,0.3039,0.0441,0.06718,0.1806,0.3979,0.393,0.3909
0.2597,0.3154,0.2328,0.0705,0.108,0.2084,0.3329,0.3456,0.3766
0.2172,0.2029,0.3122,0.01344,0.03313,0.144,0.3131,0.3618,0.3331
0.1412,0.2561,0.2012,0.0232,0.04569,0.1413,0.2731,0.3948,0.3235
0.1424,0.1857,0.1165,0.02219,0.04606,0.09814,0.3577,0.3462,0.2684
0.08746,0.2855,0.1528,0.007513,0.02593,0.13,0.2942,0.3204,0.3129
0.1491,0.3937,0.3225,0.02247,0.04598,0.2375,0.2528,0.269,0.4276
0.09477,0.2506,0.1638,0.01871,0.04254,0.139,0.3162,0.4214,0.3416
0.179,0.2998,0.2392,0.03547,0.07877,0.2281,0.3977,0.4236,0.3859
0.3049,0.2496,0.4324,0.03195,0.05243,0.1192,0.294,0.3182,0.3199
0.2761,0.233,0.2659,0.03762,0.06301,0.1376,0.362,0.3921,0.293
0.11,0.2169,0.1525,0.01821,0.04112,0.1298,0.3123,0.4272,0.3173
0.1185,0.3041,0.2312,0.01595,0.04444,0.177,0.2529,0.2838,0.345
0.1672,0.2881,0.2083,0.01468,0.053,0.1705,0.3457,0.2598,0.3582
0.2748,0.3,0.3213,0.03589,0.06077,0.1581,0.3642,0.329,0.3896
0.1257,0.1985,0.1362,0.01807,0.03886,0.1015,0.3424,0.428,0.3129
0.1602,0.311,0.272,0.02755,0.06166,0.2276,0.4525,0.4529,0.3809
0.1644,0.3025,0.2579,0.01114,0.03036,0.1169,0.2507,0.2345,0.3023
0.1278,0.2416,0.1721,0.02016,0.04179,0.1335,0.2902,0.4161,0.3517
0.1627,0.3544,0.2005,0.03602,0.07349,0.2297,0.2712,0.2904,0.3879
0.2576,0.2925,0.3217,0.04395,0.07711,0.1627,0.303,0.3363,0.3512
0.2571,0.3039,0.3722,0.04034,0.06842,0.1564,0.3473,0.3421,0.3861
0.2474,0.2161,0.3608,0.0235,0.04849,0.1195,0.3507,0.3254,0.3183
0.256,0.3745,0.2702,0.1081,0.1565,0.2504,0.3126,0.3428,0.4029
0.122,0.3567,0.3129,0.01079,0.01999,0.09128,0.2255,0.2705,0.332
0.139,0.2881,0.2595,0.009145,0.02547,0.1431,0.2532,0.2698,0.3182
0.1306,0.197,0.1125,0.01671,0.03966,0.1013,0.3436,0.3861,0.256
0.1472,0.3489,0.2341,0.0196,0.04536,0.2251,0.2692,0.2435,0.3589
0.222,0.2769,0.3101,0.02719,0.04901,0.1953,0.3637,0.4058,0.3615
0.1686,0.2275,0.1453,0.01194,0.03136,0.1124,0.2429,0.3095,0.2644
0.09429,0.1988,0.1485,0.01123,0.02422,0.0826,0.2848,0.4222,0.3173
0.1648,0.2663,0.376,0.006027,0.01698,0.1103,0.2656,0.2822,0.3581
0.1174,0.249,0.1511,0.02475,0.0438,0.1514,0.2866,0.3806,0.326
0.2427,0.2508,0.2078,0.03431,0.06833,0.1268,0.3326,0.3223,0.3134
0.189,0.2604,0.1732,0.03664,0.06534,0.1393,0.3865,0.4056,0.3075
0.2826,0.3067,0.2747,0.03929,0.07204,0.1636,0.2838,0.2769,0.3283
0.1427,0.2852,0.2535,0.02577,0.04029,0.144,0.3825,0.4209,0.3743
0.2081,0.3562,0.1953,0.05959,0.1121,0.2432,0.3062,0.2902,0.3887
0.1707,0.267,0.2565,0.0304,0.05475,0.1766,0.34,0.3721,0.3697
0.1593,0.2562,0.1253,0.02263,0.06844,0.1565,0.28,0.2755,0.292
0.1715,0.2499,0.1676,0.03896,0.06199,0.1416,0.2888,0.3956,0.3327
0.1755,0.3425,0.2887,0.03452,0.06514,0.1886,0.2924,0.3027,0.3592
0.1143,0.2753,0.25,0.0215,0.03753,0.1756,0.382,0.4578,0.3773
0.2941,0.3654,0.3137,0.1174,0.1697,0.2475,0.3139,0.3369,0.3987
0.1548,0.293,0.2089,0.03371,0.06285,0.1777,0.3769,0.4076,0.3704
0.09733,0.2246,0.1,0.01107,0.02719,0.1058,0.3402,0.3826,0.327
0.08851,0.216,0.1268,0.01403,0.02964,0.1129,0.3245,0.4499,0.3102
0.1424,0.3141,0.2088,0.03335,0.06334,0.1809,0.3747,0.4055,0.3726
0.2386,0.2311,0.2784,0.01404,0.03809,0.1155,0.2205,0.2448,0.2877
0.3019,0.2989,0.3897,0.03145,0.0487,0.1408,0.3341,0.3101,0.3703
0.1129,0.1671,0.1433,0.0132,0.03585,0.08858,0.4292,0.4082,0.2665
0.1774,0.2954,0.2414,0.03892,0.06732,0.1726,0.342,0.3685,0.37
0.1972,0.2325,0.2694,0.02849,0.05851,0.151,0.4007,0.3997,0.3068
0.2919,0.399,0.3467,0.1493,0.1836,0.2822,0.3555,0.3874,0.423
0.2428,0.2301,0.2698,0.01211,0.0318,0.1069,0.2844,0.3052,0.2784
0.2003,0.2585,0.3975,0.008545,0.01616,0.07849,0.2258,0.2475,0.2945
0.2616,0.3043,0.2347,0.09467,0.1344,0.2105,0.3632,0.4088,0.354
0.1862,0.2385,0.1674,0.02971,0.06114,0.1485,0.3127,0.3557,0.3145
0.1781,0.2804,0.1724,0.04225,0.08346,0.1848,0.3582,0.3387,0.3205
0.3095,0.2216,0.3612,0.03903,0.06393,0.1315,0.3674,0.4016,0.2706
0.1316,0.3053,0.2357,0.02453,0.0521,0.1789,0.385,0.4766,0.379
0.1725,0.3363,0.2378,0.02916,0.05947,0.1408,0.2296,0.2623,0.3843
0.1608,0.2384,0.1519,0.03535,0.06179,0.1263,0.3087,0.3765,0.3109
0.1568,0.2571,0.1446,0.03073,0.05775,0.1492,0.3663,0.395,0.3238
0.3798,0.3374,0.4861,0.03203,0.05897,0.1216,0.2264,0.2131,0.3049
0.2715,0.3236,0.3475,0.07254,0.1323,0.2364,0.3903,0.3644,0.3903
0.4065,0.3828,0.439,0.1982,0.2393,0.2956,0.3853,0.3887,0.4111
0.3509,0.2328,0.4299,0.01739,0.02941,0.07857,0.2264,0.1947,0.2884
0.1708,0.2249,0.3113,0.006027,0.0172,0.07773,0.2684,0.3641,0.2838
0.1267,0.2208,0.1463,0.02255,0.0479,0.1169,0.3609,0.4206,0.3293
0.2093,0.2949,0.2391,0.02615,0.06042,0.1795,0.3356,0.3319,0.359
0.2106,0.2439,0.173,0.01256,0.03259,0.1433,0.2291,0.2728,0.2993
0.2769,0.2894,0.3993,0.04559,0.06846,0.1586,0.3226,0.3388,0.3601
0.1711,0.3368,0.2842,0.03119,0.06405,0.1967,0.3334,0.3349,0.4249
0.174,0.1836,0.1569,0.02022,0.03075,0.1041,0.4064,0.5191,0.2456
0.09985,0.2083,0.1569,0.01665,0.02792,0.0991,0.3032,0.4596,0.3178
0.2208,0.3142,0.215,0.04149,0.07778,0.1884,0.2905,0.2794,0.332
0.3119,0.3608,0.2862,0.1378,0.1851,0.274,0.3817,0.4023,0.3922
0.1906,0.2568,0.2769,0.02742,0.05436,0.1424,0.4055,0.3527,0.3541
0.1967,0.3215,0.2595,0.03449,0.07087,0.1642,0.2747,0.3205,0.3648
0.1986,0.2161,0.1939,0.03,0.05615,0.1358,0.3236,0.382,0.3019
0.1456,0.2393,0.1435,0.01649,0.04166,0.1348,0.303,0.3277,0.3066
0.2917,0.2864,0.3948,0.04442,0.07709,0.1578,0.3684,0.3244,0.349
0.116,0.3002,0.2043,0.02164,0.04493,0.1714,0.2667,0.287,0.3566
0.07033,0.1848,0.08826,0.01065,0.02272,0.08343,0.2716,0.4342,0.2691
0.1956,0.3036,0.306,0.02178,0.04513,0.1192,0.2354,0.283,0.3274
0.2337,0.3069,0.2568,0.05863,0.1121,0.2155,0.351,0.3638,0.3541
0.1881,0.2424,0.1976,0.03432,0.07008,0.1408,0.3582,0.3581,0.306
0.1536,0.2622,0.2307,0.01825,0.02842,0.1036,0.3121,0.3944,0.3454
0.1164,0.1913,0.1348,0.01488,0.03271,0.0861,0.2614,0.3834,0.2903
0.157,0.2857,0.2357,0.02468,0.04236,0.1183,0.3164,0.4056,0.3498
0.136,0.2058,0.1523,0.02211,0.04387,0.1251,0.3181,0.3927,0.3019
0.0915,0.2008,0.1092,0.01378,0.02849,0.08631,0.2752,0.4293,0.2866
0.1567,0.2865,0.2635,0.01705,0.04184,0.1235,0.3371,0.3121,0.3198
0.2057,0.3346,0.3808,0.01613,0.03348,0.1426,0.2209,0.2242,0.3606
0.135,0.3113,0.2347,0.02609,0.04441,0.1639,0.3379,0.3776,0.3572
0.1877,0.3239,0.1956,0.03167,0.06517,0.2141,0.2788,0.3093,0.3709
0.209,0.2531,0.2661,0.02375,0.05363,0.1266,0.3086,0.3185,0.3205
0.403,0.2497,0.8082,0.01225,0.02725,0.09733,0.3467,0.2057,0.2251
0.223,0.1866,0.1856,0.0271,0.04345,0.1187,0.3701,0.4783,0.2419
0.1067,0.273,0.1374,0.018,0.04105,0.1507,0.3011,0.343,0.31
0.2803,0.2231,0.4556,0.02014,0.03106,0.1086,0.315,0.3249,0.2871
0.1628,0.2581,0.206,0.01805,0.03924,0.1267,0.3138,0.3367,0.3327
0.1195,0.1473,0.09058,0.01098,0.02947,0.05832,0.3001,0.3869,0.2377
0.1377,0.2655,0.1642,0.02682,0.05628,0.1514,0.2879,0.3478,0.3051
0.1873,0.3504,0.3327,0.03185,0.0551,0.1577,0.3166,0.3408,0.3833
0.1562,0.3437,0.1822,0.03377,0.07921,0.2403,0.3278,0.3272,0.3791
0.1621,0.2215,0.146,0.02174,0.05477,0.1376,0.3519,0.3366,0.2997
0.1224,0.2519,0.2084,0.02115,0.0432,0.1736,0.3846,0.4941,0.3521
0.2427,0.283,0.4072,0.0395,0.04584,0.1527,0.3396,0.434,0.3543
0.2349,0.3255,0.2569,0.08573,0.1376,0.2396,0.3344,0.3664,0.3813
0.1867,0.234,0.3097,0.03039,0.03237,0.1118,0.3708,0.5425,0.3132
0.1251,0.2586,0.1523,0.02633,0.05145,0.1564,0.3489,0.4066,0.3422
0.1665,0.2306,0.3267,0.007444,0.02529,0.09742,0.3485,0.3111,0.2769
0.1424,0.2504,0.1396,0.02275,0.04493,0.1391,0.3268,0.3299,0.312
0.2099,0.2532,0.2329,0.02368,0.05059,0.1324,0.3483,0.3422,0.3331
0.1184,0.2096,0.1518,0.006649,0.01954,0.08038,0.214,0.2777,0.2816
0.1264,0.4082,0.4041,0.01417,0.02952,0.2176,0.2303,0.2291,0.4243
0.1717,0.2377,0.1731,0.02751,0.05876,0.1433,0.3823,0.3772,0.3118
0.2051,0.2508,0.1906,0.03374,0.07061,0.1472,0.3964,0.3743,0.314
0.1713,0.2899,0.2058,0.0275,0.07019,0.161,0.4694,0.3661,0.3426
0.3073,0.3543,0.2934,0.1372,0.1871,0.28,0.3694,0.3781,0.3765
0.1628,0.2974,0.2303,0.0203,0.04542,0.2037,0.3702,0.3854,0.3835
0.2045,0.2431,0.1886,0.03016,0.06501,0.1401,0.2936,0.3366,0.3156
0.278,0.3876,0.3008,0.1507,0.1968,0.3073,0.3583,0.3891,0.4236
0.164,0.2345,0.1954,0.0132,0.03479,0.119,0.2864,0.3016,0.3319
0.2103,0.3177,0.3268,0.02344,0.03942,0.1168,0.2989,0.3115,0.3743
0.1408,0.2599,0.2227,0.02172,0.0334,0.1062,0.3307,0.4441,0.3461
0.2632,0.2943,0.2751,0.02924,0.06044,0.1406,0.2033,0.2444,0.3333
0.1479,0.3181,0.2367,0.0328,0.06589,0.1911,0.3494,0.3653,0.3812
0.1286,0.2825,0.1815,0.02243,0.04562,0.15,0.3521,0.3798,0.3338
0.2015,0.2561,0.203,0.04699,0.07823,0.1485,0.3696,0.396,0.3196
0.2842,0.2669,0.4421,0.02246,0.03708,0.1427,0.2407,0.2499,0.3433
0.1743,0.3035,0.268,0.03299,0.06065,0.1632,0.3865,0.382,0.3734
0.172,0.2131,0.1126,0.01888,0.04702,0.1247,0.3769,0.3988,0.3126
0.1299,0.2595,0.141,0.02485,0.05426,0.1663,0.3234,0.3623,0.3016
0.3496,0.364,0.3913,0.1393,0.1759,0.2551,0.3449,0.3509,0.3816
0.1268,0.2326,0.1529,0.01483,0.03484,0.1107,0.3209,0.367,0.3046
0.2132,0.3041,0.2594,0.035,0.07577,0.1733,0.3394,0.3338,0.3594
0.213,0.3007,0.2431,0.04181,0.0754,0.1697,0.3668,0.3628,0.3855
0.1515,0.3418,0.2554,0.03667,0.05879,0.197,0.3305,0.3594,0.3876
0.2307,0.2329,0.2587,0.01289,0.03596,0.1021,0.2596,0.2285,0.2817
0.2631,0.2733,0.264,0.02332,0.05163,0.1168,0.3245,0.2962,0.3144
0.2165,0.2085,0.2315,0.01713,0.04291,0.1149,0.3434,0.3463,0.2952
0.1834,0.3216,0.209,0.02946,0.06043,0.1907,0.3009,0.2895,0.3583
0.1305,0.2978,0.1222,0.0189,0.05366,0.1644,0.2289,0.2472,0.3336
0.1198,0.3849,0.251,0.01816,0.0429,0.2586,0.2346,0.2476,0.4108
0.1638,0.3061,0.174,0.03015,0.06744,0.1699,0.3178,0.3233,0.327
0.3545,0.2152,0.2443,0.02197,0.05256,0.1155,0.2622,0.2444,0.2516
0.2024,0.2203,0.1875,0.01768,0.04514,0.1294,0.3492,0.3438,0.2795
0.1185,0.214,0.1149,0.01522,0.03979,0.1062,0.3153,0.3644,0.2873
0.1669,0.1831,0.1684,0.019,0.03561,0.1051,0.4106,0.4478,0.2591
0.1209,0.1936,0.1301,0.01954,0.03934,0.09646,0.3662,0.4364,0.2811
0.1116,0.2415,0.1581,0.01545,0.03823,0.1114,0.3488,0.3349,0.3308
0.08862,0.1708,0.1201,0.01043,0.02699,0.07453,0.2933,0.3952,0.2674
0.1868,0.1485,0.6173,0.001295,0.004997,0.04435,0.3393,0.1659,0.2133
0.09904,0.2643,0.1559,0.01879,0.04272,0.1844,0.3086,0.3567,0.3388
0.339,0.3712,0.3997,0.1612,0.2118,0.2855,0.3662,0.3742,0.4181
0.2605,0.3812,0.4291,0.04961,0.08502,0.1891,0.3056,0.3058,0.3862
0.2529,0.3183,0.2333,0.08638,0.1223,0.1968,0.3444,0.3789,0.3328
0.3596,0.3346,0.335,0.08618,0.1369,0.2401,0.3119,0.2857,0.36
0.2155,0.2957,0.2709,0.04031,0.08892,0.2053,0.3726,0.3185,0.3799
0.1901,0.2715,0.1771,0.01676,0.04278,0.129,0.2564,0.2521,0.3063
0.1816,0.3002,0.2744,0.03183,0.05419,0.162,0.3454,0.3903,0.3787
0.1185,0.2001,0.1201,0.01589,0.03795,0.1025,0.2244,0.3275,0.2742
0.1875,0.2004,0.2351,0.01029,0.0286,0.1192,0.4174,0.4124,0.2924
0.1633,0.3487,0.2041,0.02341,0.05195,0.2195,0.2735,0.2519,0.3598
0.1998,0.2658,0.2217,0.03236,0.06559,0.1597,0.3485,0.3731,0.335
0.2468,0.3174,0.2521,0.1023,0.1407,0.2154,0.3285,0.377,0.3824
0.1613,0.3321,0.363,0.01179,0.03478,0.1413,0.2228,0.2179,0.3497
0.3578,0.3166,0.3957,0.07618,0.1115,0.1905,0.2948,0.3051,0.3401
0.1482,0.2581,0.1403,0.02709,0.05531,0.1408,0.3257,0.356,0.3075
0.2984,0.296,0.2822,0.06873,0.1035,0.2021,0.3136,0.3039,0.3493
0.1538,0.2418,0.1519,0.02503,0.05551,0.1338,0.3492,0.3889,0.3312
0.2403,0.3691,0.2495,0.06011,0.1219,0.2304,0.3197,0.3017,0.3807
0.1851,0.3222,0.2624,0.04126,0.0663,0.1494,0.2978,0.3233,0.352
0.1334,0.2455,0.1906,0.02163,0.04564,0.1222,0.3299,0.3959,0.3126
0.387,0.2696,0.5432,0.03881,0.06401,0.1381,0.2562,0.2971,0.3226
0.2316,0.2673,0.3843,0.01605,0.04031,0.1216,0.2326,0.2723,0.2845
0.3385,0.3721,0.4345,0.122,0.1535,0.2419,0.347,0.3722,0.3919
0.1916,0.2485,0.2304,0.01541,0.03206,0.1311,0.254,0.2758,0.3421
0.07065,0.2486,0.09238,0.01174,0.02984,0.1267,0.3573,0.3855,0.2778
0.1189,0.3072,0.2177,0.01756,0.04462,0.1827,0.3628,0.3641,0.3274
0.2316,0.2137,0.2266,0.04296,0.05894,0.1319,0.389,0.4825,0.2752
0.1785,0.2838,0.3006,0.02748,0.04895,0.141,0.3347,0.321,0.3697
0.1782,0.1953,0.2106,0.008708,0.03198,0.09016,0.3689,0.3518,0.2775
0.1525,0.356,0.2846,0.02029,0.05046,0.1615,0.2587,0.2684,0.3811
0.1131,0.1258,0.2205,0.003091,0.00864,0.07121,0.3085,0.4501,0.2192
0.249,0.2851,0.2231,0.06769,0.1107,0.1975,0.38,0.3731,0.3402
0.1849,0.2514,0.1235,0.02177,0.06519,0.1616,0.334,0.344,0.3437
0.1732,0.2228,0.1569,0.02192,0.0477,0.1124,0.3877,0.3935,0.2753
0.2121,0.2485,0.1933,0.03658,0.07559,0.1525,0.3373,0.3337,0.3047
0.1994,0.326,0.2913,0.01922,0.04094,0.1407,0.2548,0.2749,0.377
0.1666,0.2504,0.1536,0.01839,0.04503,0.1447,0.3344,0.323,0.2763
0.182,0.2858,0.2081,0.04356,0.07748,0.1539,0.312,0.3642,0.3296
0.1869,0.276,0.2075,0.03941,0.08831,0.1961,0.425,0.4052,0.353
0.2046,0.2862,0.2009,0.05733,0.09001,0.2065,0.362,0.3799,0.3408
0.2487,0.3316,0.4142,0.02516,0.04541,0.1277,0.2496,0.2456,0.3306
0.1697,0.3403,0.3308,0.02451,0.04789,0.1566,0.2314,0.2405,0.351
0.1436,0.3048,0.1581,0.02522,0.05469,0.1307,0.3542,0.3472,0.3039
0.1702,0.2388,0.1698,0.0285,0.04972,0.1258,0.3021,0.3835,0.309
0.1262,0.2333,0.1437,0.02705,0.04795,0.1196,0.2669,0.3872,0.3098
0.2862,0.3567,0.3232,0.1203,0.1657,0.2373,0.349,0.3685,0.3921
0.2624,0.3742,0.3392,0.07403,0.1122,0.2013,0.2578,0.3055,0.3877
0.1852,0.3449,0.3821,0.02374,0.0369,0.1253,0.2724,0.3017,0.3907
0.1442,0.2473,0.1594,0.01955,0.04249,0.126,0.3165,0.3671,0.3023
0.1469,0.1986,0.1245,0.01471,0.03971,0.09524,0.291,0.3381,0.2626
0.132,0.2332,0.2688,0.004582,0.01304,0.06432,0.2239,0.2299,0.2859
0.144,0.3483,0.2364,0.02955,0.06554,0.1557,0.3055,0.314,0.3746
0.1591,0.2533,0.2121,0.02964,0.05513,0.1557,0.3395,0.4127,0.3406
0.2137,0.2619,0.2094,0.06187,0.1008,0.1769,0.3453,0.4156,0.3318
0.1861,0.2595,0.1852,0.04786,0.08269,0.1684,0.3361,0.3936,0.3253
0.1959,0.3817,0.3252,0.04721,0.08043,0.2066,0.3592,0.356,0.4379
0.2332,0.3543,0.4198,0.03573,0.06666,0.1644,0.285,0.3126,0.3921
0.3645,0.4173,0.3643,0.2451,0.2868,0.3763,0.3992,0.4118,0.442
0.3577,0.2822,0.2854,0.03858,0.07176,0.148,0.262,0.2803,0.3178
0.2416,0.3191,0.22,0.08938,0.1413,0.2174,0.3946,0.4102,0.3711
0.2799,0.2573,0.3389,0.02444,0.04285,0.1466,0.2563,0.3129,0.2792
0.1956,0.2747,0.2122,0.03321,0.07388,0.18,0.3909,0.3386,0.3358
0.1555,0.3299,0.1794,0.03965,0.07672,0.238,0.3159,0.36,0.3486
0.1328,0.2592,0.1623,0.02955,0.05931,0.1488,0.3677,0.4246,0.3491
0.2067,0.2686,0.1738,0.01754,0.04712,0.1807,0.2244,0.2143,0.3184
0.1981,0.2582,0.2357,0.02887,0.05949,0.1287,0.4144,0.379,0.327
0.2199,0.3607,0.4455,0.03226,0.05578,0.1413,0.2025,0.2668,0.3483
0.24,0.2444,0.3749,0.03254,0.03841,0.1319,0.3683,0.4579,0.3375
0.1925,0.2297,0.1761,0.02682,0.0604,0.1374,0.3278,0.3158,0.2888
0.288,0.2207,0.2825,0.05635,0.06983,0.1588,0.4249,0.4958,0.2805
0.1248,0.1945,0.134,0.01749,0.03766,0.09928,0.3358,0.4167,0.307
0.2079,0.2902,0.3281,0.02189,0.04366,0.1357,0.3467,0.2956,0.3456
0.3561,0.3882,0.3766,0.1748,0.2355,0.3085,0.351,0.3498,0.4018
0.1576,0.2639,0.2046,0.02931,0.05932,0.1294,0.365,0.3512,0.2929
0.1542,0.258,0.1765,0.0224,0.04863,0.1441,0.3087,0.3401,0.3331
0.1773,0.2596,0.2935,0.01814,0.0432,0.1232,0.3377,0.3307,0.3326
0.2915,0.2645,0.3365,0.04271,0.06941,0.1441,0.3459,0.325,0.3357
0.2071,0.275,0.1842,0.04529,0.08946,0.1691,0.3973,0.3896,0.3255
0.1401,0.2642,0.1824,0.02856,0.05407,0.1392,0.3267,0.4364,0.3446
0.2071,0.3431,0.2713,0.04555,0.07656,0.2344,0.3416,0.3527,0.3861
0.1756,0.2435,0.1657,0.03712,0.06343,0.1401,0.3041,0.3815,0.3232
0.1612,0.2456,0.1598,0.02741,0.05241,0.1149,0.3863,0.3987,0.2856
0.2848,0.3481,0.4529,0.04852,0.06404,0.1539,0.2917,0.3021,0.3795
0.2109,0.2485,0.224,0.04875,0.07786,0.1455,0.3545,0.4602,0.318
0.1347,0.2307,0.1732,0.02671,0.0473,0.1158,0.3371,0.3811,0.2991
0.2051,0.3162,0.2821,0.02624,0.05519,0.1694,0.2639,0.2865,0.3457
0.1238,0.2191,0.125,0.01189,0.03119,0.1111,0.2789,0.3998,0.2894
0.1799,0.2661,0.1774,0.02179,0.05622,0.1287,0.3518,0.37,0.3186
0.1422,0.2976,0.1893,0.02638,0.05671,0.2255,0.259,0.3144,0.3688
0.214,0.252,0.1812,0.03844,0.06579,0.1426,0.2879,0.3497,0.325
0.2313,0.3054,0.4218,0.02849,0.05936,0.1526,0.2446,0.2627,0.3671
0.1652,0.1991,0.2221,0.01689,0.03377,0.129,0.3394,0.4636,0.3015
0.122,0.1729,0.1427,0.0139,0.02457,0.07712,0.2968,0.4919,0.2479
0.1398,0.3706,0.2503,0.03495,0.07212,0.276,0.3494,0.4122,0.4181
0.2127,0.317,0.4112,0.01611,0.04085,0.1441,0.2693,0.2837,0.3238
0.1534,0.3396,0.2623,0.03703,0.07132,0.224,0.3453,0.389,0.4017
0.1633,0.2536,0.1685,0.03488,0.06518,0.1356,0.3532,0.3789,0.3082
0.2525,0.2593,0.2294,0.04645,0.09438,0.1592,0.3586,0.3543,0.3252
0.1873,0.2942,0.2711,0.03575,0.0736,0.2235,0.3037,0.3069,0.3409
0.1895,0.3279,0.3395,0.02812,0.05328,0.1863,0.3176,0.2792,0.4206
0.27,0.252,0.2902,0.03061,0.05843,0.1385,0.2728,0.2837,0.2912
0.1247,0.2302,0.1899,0.009598,0.02618,0.1283,0.2435,0.294,0.3246
0.1716,0.2198,0.2084,0.01435,0.03087,0.1717,0.3096,0.3665,0.3579
0.2899,0.2372,0.2557,0.03317,0.07557,0.1514,0.307,0.306,0.2847
0.2406,0.3849,0.282,0.06306,0.09839,0.2195,0.249,0.2998,0.3884
0.251,0.401,0.3044,0.1175,0.1681,0.3181,0.3323,0.3756,0.4404
0.2774,0.386,0.4421,0.06678,0.08525,0.2096,0.3286,0.326,0.4358
0.1654,0.2311,0.1444,0.0274,0.06234,0.1306,0.2767,0.3483,0.2886
0.1986,0.2904,0.1805,0.03627,0.07758,0.1645,0.3408,0.3304,0.33
0.1989,0.2981,0.2584,0.03486,0.06396,0.1714,0.3408,0.3625,0.3418
0.1276,0.2497,0.1824,0.02635,0.05191,0.1353,0.2655,0.4221,0.3265
0.2919,0.3534,0.418,0.07479,0.1018,0.2098,0.3548,0.3422,0.4257
0.2099,0.3133,0.2739,0.03446,0.07028,0.19,0.3332,0.3183,0.3568
0.2196,0.2439,0.2005,0.03951,0.08461,0.1641,0.3321,0.3124,0.3249
0.1823,0.2231,0.2405,0.01821,0.04508,0.1205,0.4168,0.3595,0.3045
0.11,0.1538,0.1598,0.009676,0.02132,0.07429,0.2417,0.3929,0.2611
0.2534,0.3167,0.2666,0.07089,0.1082,0.1842,0.3197,0.3539,0.3427
0.269,0.3858,0.289,0.08302,0.1302,0.2585,0.2871,0.2966,0.3719
0.1181,0.2123,0.1462,0.01747,0.03462,0.1008,0.2785,0.4176,0.2969
0.1718,0.2643,0.1941,0.02792,0.05596,0.1344,0.3133,0.3462,0.3064
0.1761,0.2488,0.1521,0.02143,0.04724,0.1306,0.3253,0.3091,0.2895
0.1369,0.168,0.1974,0.0195,0.02599,0.1029,0.3228,0.5372,0.2635
0.1299,0.3189,0.2072,0.02647,0.0437,0.1448,0.338,0.4062,0.3908
0.2066,0.2929,0.3727,0.02054,0.04232,0.1163,0.2557,0.237,0.2993
0.1681,0.256,0.2253,0.02536,0.0494,0.1544,0.3557,0.4252,0.3508
0.2222,0.3227,0.3226,0.03886,0.06865,0.1772,0.3485,0.3615,0.3879
0.1389,0.2263,0.1383,0.02737,0.05107,0.1273,0.3319,0.4052,0.3086
0.1487,0.1377,0.1424,0.01358,0.02216,0.07504,0.3484,0.5148,0.2309
0.1524,0.2671,0.1473,0.03189,0.07416,0.1833,0.3451,0.3648,0.3056
0.1939,0.2535,0.2129,0.02488,0.04095,0.1327,0.2689,0.3413,0.3457
0.1589,0.178,0.1337,0.01018,0.03523,0.09579,0.3404,0.369,0.2471
0.1399,0.2791,0.2196,0.01921,0.04004,0.1164,0.3101,0.3488,0.345
0.1846,0.2729,0.189,0.04427,0.07749,0.1487,0.3214,0.3902,0.3068
0.1973,0.2822,0.19,0.04045,0.08091,0.1735,0.3295,0.3604,0.3363
0.1759,0.274,0.2038,0.03691,0.07948,0.1754,0.4276,0.3891,0.3578
0.1047,0.2589,0.1083,0.004669,0.01805,0.09289,0.1753,0.1952,0.2885
0.2323,0.1902,0.3252,0.01496,0.03893,0.1128,0.3406,0.3002,0.2624
0.1898,0.2454,0.1743,0.02559,0.05076,0.1663,0.3788,0.4082,0.3504
0.1487,0.3063,0.2343,0.0239,0.05205,0.1507,0.3342,0.3504,0.3806
0.1172,0.217,0.1347,0.02375,0.04513,0.1065,0.2845,0.4319,0.3068
0.1252,0.2745,0.1356,0.01912,0.05968,0.1609,0.3191,0.2796,0.3045
0.2178,0.3816,0.3576,0.05324,0.09136,0.2178,0.3626,0.3531,0.4352
0.1501,0.2956,0.1785,0.01637,0.04465,0.1478,0.2336,0.2666,0.3487
0.1725,0.241,0.2106,0.03179,0.04929,0.1886,0.339,0.4364,0.3153
0.279,0.3286,0.272,0.112,0.1599,0.2702,0.3677,0.374,0.3814
0.3757,0.3931,0.4425,0.1617,0.1989,0.2853,0.3515,0.3604,0.4157
0.1361,0.2735,0.1733,0.02423,0.04928,0.1514,0.3663,0.3316,0.3628
0.1192,0.276,0.1581,0.02247,0.04753,0.1479,0.3041,0.3504,0.3406
0.1648,0.3857,0.3037,0.03065,0.06422,0.2507,0.3889,0.3696,0.4283
0.1615,0.1955,0.1671,0.02376,0.04628,0.1177,0.3468,0.4157,0.2971
0.2016,0.3043,0.3039,0.02195,0.04919,0.2054,0.3394,0.3449,0.411
0.1537,0.253,0.1992,0.03019,0.05231,0.1485,0.3019,0.4373,0.3445
0.1756,0.324,0.2728,0.03669,0.05368,0.1764,0.2708,0.3756,0.3865
0.1978,0.2827,0.3282,0.02423,0.05474,0.1311,0.3827,0.3299,0.3604
0.1551,0.3166,0.1437,0.01569,0.0451,0.1739,0.2515,0.2417,0.2918
0.2134,0.35,0.3243,0.05856,0.09944,0.2509,0.3737,0.3849,0.4233
0.159,0.2677,0.2147,0.02539,0.0421,0.1199,0.3165,0.3781,0.3445
0.1672,0.255,0.2096,0.04066,0.06972,0.1372,0.3139,0.4297,0.3408
0.1762,0.2959,0.2565,0.03002,0.06407,0.149,0.2989,0.3168,0.3187
0.2118,0.3474,0.2259,0.05032,0.08963,0.1941,0.3007,0.3384,0.3809
0.1239,0.2601,0.1314,0.01928,0.04879,0.1401,0.2986,0.342,0.322
0.1313,0.1901,0.1973,0.01887,0.02291,0.09442,0.3394,0.5281,0.2789
0.2827,0.2665,0.3068,0.03361,0.06336,0.125,0.3063,0.3191,0.3071
0.1947,0.2754,0.1832,0.05721,0.0883,0.1739,0.3359,0.3522,0.3493
0.1538,0.2053,0.1655,0.02223,0.03848,0.1042,0.3235,0.3446,0.3018
0.2618,0.376,0.2745,0.07404,0.1296,0.2642,0.3067,0.3222,0.3708
0.07617,0.3681,0.1587,0.006824,0.01964,0.1015,0.1906,0.2156,0.3286
0.2263,0.2975,0.1728,0.05779,0.09293,0.1717,0.2811,0.3345,0.3399
0.3948,0.3494,0.4694,0.09529,0.1415,0.2163,0.3343,0.3238,0.3691
0.193,0.3913,0.4151,0.02225,0.05138,0.1483,0.2241,0.2592,0.3735
0.1777,0.2281,0.1768,0.02926,0.04187,0.1319,0.4306,0.5194,0.2813
0.1386,0.247,0.2147,0.01878,0.03786,0.09909,0.2711,0.4129,0.3274
0.1544,0.2046,0.154,0.009363,0.02813,0.1071,0.3233,0.2999,0.2858
0.08978,0.171,0.1478,0.01036,0.01897,0.08484,0.3129,0.4586,0.2797
0.1567,0.3503,0.2793,0.05127,0.07632,0.2155,0.3274,0.4,0.3912
0.2535,0.2706,0.2996,0.02724,0.06078,0.17,0.2951,0.2987,0.3165
0.1429,0.2286,0.2239,0.01616,0.04124,0.1091,0.385,0.4195,0.3039
0.224,0.2299,0.2298,0.02138,0.03943,0.1097,0.3481,0.355,0.3096
0.1959,0.2581,0.1815,0.02963,0.06425,0.1557,0.2849,0.2683,0.2943
0.1654,0.2596,0.1322,0.0224,0.0547,0.1513,0.3212,0.3186,0.2882
0.2244,0.3398,0.299,0.04658,0.06692,0.1709,0.3373,0.3313,0.385
0.2488,0.2641,0.2069,0.02264,0.05498,0.1396,0.2853,0.2615,0.304
0.2413,0.3326,0.3462,0.05192,0.08157,0.1666,0.2277,0.2561,0.3508
0.2111,0.3024,0.1939,0.05584,0.1131,0.1998,0.3427,0.3468,0.3335
0.1591,0.2471,0.2312,0.02076,0.03961,0.1029,0.2855,0.3876,0.3009
0.3222,0.3871,0.4322,0.145,0.189,0.2821,0.3334,0.3621,0.4106
0.1202,0.3586,0.222,0.02588,0.04975,0.2277,0.3426,0.4061,0.3954
0.2262,0.2998,0.4662,0.0166,0.03018,0.1009,0.193,0.2118,0.2917
0.1899,0.2518,0.1696,0.03123,0.06617,0.1392,0.3655,0.3792,0.2954
0.1458,0.2869,0.2206,0.02457,0.03619,0.1163,0.3286,0.4402,0.3647
0.1976,0.2932,0.2686,0.03424,0.07035,0.1651,0.2872,0.331,0.3071
0.3404,0.266,0.4005,0.04147,0.06804,0.1754,0.2964,0.3371,0.3234
0.2377,0.3111,0.4065,0.02842,0.05229,0.1467,0.2364,0.2665,0.3515
0.2557,0.2223,0.1567,0.02683,0.05338,0.1213,0.2896,0.3068,0.2911
0.1454,0.1924,0.2583,0.005021,0.01356,0.08312,0.4292,0.4501,0.2813
0.1277,0.2173,0.1894,0.009037,0.01919,0.08127,0.2257,0.3519,0.2901
0.3341,0.2565,0.2965,0.0229,0.04841,0.1318,0.2582,0.2399,0.2947
0.2969,0.3399,0.4563,0.06005,0.09043,0.1993,0.4031,0.3446,0.4219
0.1754,0.2316,0.2081,0.0306,0.06888,0.1361,0.3901,0.382,0.3302
0.1614,0.2572,0.2098,0.02213,0.05019,0.1836,0.4503,0.4513,0.3367
0.1785,0.2614,0.1654,0.04622,0.07414,0.1675,0.3324,0.3669,0.3442
0.2924,0.3376,0.3875,0.0676,0.09033,0.1718,0.3291,0.3484,0.385
0.2593,0.2101,0.4493,0.01691,0.02871,0.09488,0.2519,0.3477,0.2868
0.1744,0.3245,0.2429,0.04714,0.08022,0.2071,0.3218,0.3931,0.377
0.1869,0.2691,0.1713,0.04835,0.07658,0.1542,0.2988,0.3906,0.3388
0.1277,0.2874,0.1773,0.01573,0.0417,0.1453,0.2443,0.3229,0.3293
0.1465,0.2312,0.188,0.01557,0.04202,0.1323,0.3166,0.3705,0.3193
0.1349,0.2114,0.1416,0.03036,0.05332,0.1261,0.3127,0.4265,0.3197
0.2347,0.2911,0.3108,0.02424,0.04888,0.128,0.2476,0.2819,0.3069
0.2118,0.2955,0.2697,0.05009,0.09098,0.1759,0.3391,0.3653,0.3453
0.2362,0.322,0.326,0.03626,0.0617,0.1593,0.319,0.2986,0.3472
0.1287,0.2593,0.1855,0.01501,0.03924,0.107,0.288,0.372,0.325
0.1702,0.4011,0.2949,0.03984,0.0559,0.2206,0.3149,0.3343,0.4467
0.214,0.19,0.209,0.01281,0.02754,0.09315,0.2678,0.3591,0.2684
0.2484,0.2713,0.2779,0.03736,0.07055,0.1716,0.3076,0.3017,0.3457
0.2361,0.3165,0.2995,0.06995,0.09928,0.24,0.3969,0.4753,0.382
0.2185,0.2459,0.2105,0.04297,0.08036,0.1624,0.3306,0.3634,0.3101
0.1696,0.2484,0.1623,0.03872,0.06852,0.1419,0.3153,0.4132,0.3231
0.2164,0.2286,0.1893,0.01654,0.0383,0.1473,0.2997,0.3403,0.3066
0.2304,0.3378,0.2616,0.0644,0.1188,0.2276,0.3118,0.3288,0.3687
0.3088,0.3045,0.2692,0.08652,0.1274,0.2107,0.2967,0.3286,0.3478
0.3111,0.3444,0.3099,0.0804,0.1314,0.2196,0.3136,0.3054,0.3707
0.2265,0.2081,0.3025,0.01851,0.03882,0.1087,0.3079,0.3645,0.2809
0.2463,0.2283,0.2296,0.02868,0.06167,0.1317,0.2981,0.2761,0.2888
0.2564,0.2372,0.3076,0.03421,0.076,0.1411,0.3801,0.3379,0.3017
0.1458,0.296,0.2222,0.03151,0.05864,0.1712,0.2868,0.3495,0.3538
0.2232,0.2756,0.2204,0.04559,0.08086,0.1737,0.3216,0.3859,0.3353
0.1987,0.301,0.2974,0.03962,0.09026,0.2274,0.475,0.4273,0.4004
0.222,0.292,0.3415,0.04159,0.05631,0.1469,0.399,0.4684,0.3562
0.3637,0.2363,0.3931,0.03082,0.05375,0.1418,0.3331,0.3239,0.2949
0.189,0.1784,0.2719,0.02211,0.0341,0.1085,0.3757,0.5165,0.2656
0.4114,0.3543,0.5353,0.04683,0.07292,0.1519,0.2752,0.2753,0.3316
0.1406,0.2676,0.1546,0.02084,0.04399,0.1216,0.3146,0.3365,0.3189
0.1784,0.2794,0.1987,0.04937,0.08161,0.1618,0.3789,0.3825,0.322
0.1261,0.2373,0.1504,0.02295,0.05073,0.1192,0.3109,0.383,0.3082
0.2809,0.3161,0.4004,0.03421,0.04929,0.1459,0.2856,0.2873,0.352
0.1626,0.2274,0.1839,0.02711,0.05066,0.113,0.3498,0.4372,0.3023
0.2453,0.2657,0.2039,0.03361,0.07591,0.1576,0.4013,0.3835,0.3376
0.193,0.3004,0.2132,0.04537,0.08075,0.1763,0.3362,0.3752,0.3467
0.1257,0.3489,0.1979,0.01966,0.05248,0.2479,0.333,0.2706,0.3693
0.2036,0.1699,0.1808,0.01256,0.03288,0.09126,0.3623,0.3663,0.2378
0.2451,0.2202,0.3181,0.01445,0.03893,0.1414,0.3013,0.3119,0.3475
0.2259,0.2157,0.2237,0.01897,0.05815,0.1011,0.3301,0.3293,0.2479
0.1638,0.1974,0.1766,0.02479,0.0389,0.1091,0.3416,0.4791,0.2769
0.1387,0.2657,0.2085,0.02281,0.03469,0.112,0.3639,0.4576,0.3484
0.1423,0.2848,0.1605,0.02698,0.06125,0.1882,0.3467,0.3449,0.3497
0.07248,0.2791,0.1247,0.006375,0.02097,0.123,0.1761,0.2172,0.3262
0.2205,0.2153,0.2282,0.0422,0.05997,0.1255,0.3981,0.5005,0.2793
0.2369,0.2557,0.2144,0.02971,0.0602,0.1253,0.296,0.3206,0.3151
0.1434,0.2465,0.1571,0.03565,0.07284,0.143,0.3545,0.4026,0.3136
0.2427,0.3423,0.2445,0.06755,0.1049,0.2168,0.3096,0.3062,0.3584
0.1626,0.257,0.3741,0.004868,0.01251,0.06608,0.3549,0.3905,0.2875
0.2358,0.2657,0.3287,0.02654,0.05238,0.2115,0.3249,0.3843,0.4019
0.1283,0.2364,0.1511,0.0216,0.04719,0.1273,0.2915,0.4217,0.3181
0.2296,0.2632,0.316,0.02758,0.04492,0.1436,0.2916,0.3495,0.3269
0.133,0.3056,0.1728,0.02213,0.04593,0.2041,0.2841,0.321,0.3496
0.2246,0.2711,0.243,0.04651,0.08631,0.1612,0.3532,0.3662,0.3443
0.1476,0.2153,0.1644,0.0215,0.03158,0.1096,0.3561,0.4461,0.2581
0.191,0.2567,0.2197,0.03368,0.06635,0.151,0.335,0.3584,0.3282
0.2177,0.3037,0.2147,0.04631,0.08145,0.1607,0.2779,0.2959,0.3458
0.1789,0.2049,0.1796,0.0149,0.03826,0.1254,0.3065,0.3659,0.2953
0.1761,0.27,0.2447,0.02817,0.04591,0.1307,0.3573,0.3743,0.346
0.1671,0.1757,0.1612,0.0207,0.03661,0.1004,0.3438,0.4668,0.2526
0.1571,0.2903,0.1662,0.02216,0.05626,0.1455,0.3198,0.339,0.3423
0.2512,0.2067,0.317,0.01039,0.03602,0.0724,0.3132,0.2471,0.2181
0.1989,0.2901,0.1936,0.04459,0.0922,0.1868,0.3214,0.3217,0.3574
0.2861,0.2714,0.273,0.02383,0.05269,0.1343,0.3129,0.2748,0.3356
0.1584,0.2779,0.1679,0.01944,0.05158,0.1471,0.2807,0.2907,0.319
0.1509,0.2601,0.221,0.02084,0.04909,0.1484,0.3188,0.314,0.3441
0.3728,0.1922,0.6914,0.01031,0.02334,0.08876,0.2743,0.1913,0.2068
0.2145,0.3394,0.32,0.05277,0.07631,0.1817,0.4047,0.4108,0.4132
0.3579,0.2808,0.3616,0.05114,0.0926,0.1747,0.3232,0.3026,0.3107
0.1931,0.3613,0.1967,0.02258,0.05392,0.209,0.2317,0.2533,0.3338
0.2557,0.2363,0.2876,0.03072,0.04806,0.1284,0.3261,0.4386,0.2908
0.2398,0.3008,0.2359,0.07053,0.1088,0.1753,0.3264,0.3575,0.357
0.1738,0.2467,0.1558,0.03329,0.06443,0.1446,0.3541,0.358,0.2985
0.2015,0.1925,0.2213,0.02935,0.04873,0.12,0.4262,0.4712,0.2837
0.2035,0.2246,0.1871,0.01915,0.05678,0.174,0.3139,0.3237,0.2931
0.1179,0.226,0.1815,0.02223,0.03986,0.1125,0.2376,0.4366,0.3296
0.2445,0.3414,0.3632,0.05429,0.079,0.1786,0.3935,0.3854,0.4166
0.181,0.2533,0.1825,0.02598,0.05546,0.1363,0.3289,0.3608,0.2802
0.1523,0.2262,0.195,0.02361,0.05645,0.1367,0.4132,0.385,0.3138
0.1262,0.1911,0.1428,0.01493,0.03291,0.08385,0.2633,0.3209,0.3184
0.2793,0.332,0.3532,0.06288,0.1096,0.1931,0.3162,0.3191,0.354
0.2267,0.2208,0.2861,0.01594,0.03089,0.1045,0.3469,0.4151,0.308
0.1263,0.2464,0.3069,0.005281,0.016,0.05834,0.2276,0.2829,0.2333
0.1617,0.2738,0.1424,0.03228,0.0685,0.1348,0.3346,0.3618,0.2983
0.1454,0.1979,0.1465,0.01689,0.03233,0.133,0.2942,0.3656,0.2813
0.1712,0.1766,0.2007,0.01083,0.03182,0.09824,0.3734,0.4322,0.2795
0.1359,0.2048,0.1142,0.009066,0.02976,0.09519,0.2375,0.257,0.2801
0.1701,0.2574,0.1666,0.02019,0.05109,0.1596,0.3168,0.3472,0.3197
0.1737,0.213,0.2155,0.03374,0.04985,0.1566,0.3401,0.509,0.2954
0.2114,0.3262,0.2202,0.07021,0.1044,0.2062,0.314,0.3792,0.3821
0.2194,0.264,0.2101,0.05551,0.08945,0.1661,0.3366,0.3964,0.3459
0.2706,0.3191,0.2485,0.04605,0.1082,0.1999,0.3124,0.2696,0.3369
0.1213,0.2431,0.1743,0.02591,0.05043,0.1371,0.3535,0.4168,0.3194
0.2549,0.359,0.4283,0.04227,0.0752,0.2011,0.2879,0.3098,0.4025
0.2426,0.3097,0.321,0.03662,0.06461,0.1555,0.3426,0.3674,0.3706
0.279,0.2955,0.2782,0.03078,0.06666,0.1386,0.2878,0.2768,0.302
0.3369,0.4132,0.4169,0.1794,0.2235,0.3207,0.3527,0.3828,0.4284
0.1538,0.2176,0.1392,0.02908,0.05376,0.1221,0.332,0.4142,0.2786
0.2019,0.1997,0.3919,0.008025,0.02307,0.07904,0.3152,0.2219,0.2739
0.196,0.2852,0.2443,0.0366,0.06266,0.1484,0.3495,0.3425,0.3419
0.175,0.2182,0.1662,0.02655,0.05126,0.131,0.3531,0.377,0.2988
0.2325,0.266,0.2201,0.04952,0.0956,0.19,0.3769,0.3603,0.321
0.2984,0.3377,0.3323,0.05076,0.09037,0.1867,0.3118,0.3062,0.3649
0.2455,0.4035,0.2345,0.1053,0.1636,0.3018,0.3229,0.3473,0.4396
0.221,0.3151,0.2866,0.03528,0.07646,0.1836,0.3644,0.3013,0.3581
0.2013,0.2914,0.311,0.02367,0.04593,0.1548,0.2565,0.3299,0.3354
0.1227,0.315,0.1855,0.01492,0.03534,0.16,0.2595,0.2584,0.3881
0.1806,0.2706,0.2244,0.02601,0.04916,0.1491,0.371,0.3805,0.3401
0.1739,0.2484,0.1696,0.04991,0.07931,0.1601,0.3423,0.4354,0.3415
0.06356,0.1133,0.2389,0.001591,0.005071,0.05555,0.3791,0.5289,0.2375
0.2088,0.312,0.3326,0.03421,0.06326,0.1599,0.2482,0.2718,0.3699
0.185,0.3023,0.2498,0.04756,0.08597,0.2018,0.3065,0.3545,0.3634
0.2827,0.2988,0.2842,0.0694,0.1149,0.1966,0.3501,0.3597,0.3558
0.375,0.2802,0.5519,0.01449,0.03972,0.1115,0.3109,0.2039,0.335
0.1824,0.2624,0.1661,0.04653,0.07564,0.1462,0.2958,0.3844,0.3328
0.1653,0.3639,0.3016,0.04046,0.07176,0.252,0.3822,0.418,0.4312
0.1416,0.2963,0.178,0.03567,0.06568,0.1845,0.3385,0.4089,0.361
0.2427,0.3413,0.2756,0.08125,0.1275,0.2185,0.3084,0.3609,0.3753
0.2457,0.2599,0.2244,0.03682,0.07073,0.1498,0.3023,0.3287,0.3203
0.225,0.2684,0.2797,0.02988,0.05738,0.1343,0.2859,0.3371,0.3295
0.374,0.2343,0.3993,0.03706,0.05788,0.1456,0.3428,0.3479,0.2922
0.2204,0.3026,0.2293,0.06761,0.1038,0.1852,0.3439,0.3584,0.3412
0.1509,0.2768,0.1911,0.0247,0.05933,0.1589,0.3043,0.3011,0.3411
0.1762,0.2951,0.2962,0.02883,0.06053,0.1943,0.4485,0.4615,0.3723
0.1172,0.2869,0.1735,0.02824,0.05222,0.1575,0.2861,0.3729,0.3408
0.2941,0.2161,0.629,0.01663,0.03889,0.1282,0.3709,0.2114,0.2561
0.1963,0.3301,0.2223,0.05846,0.09513,0.1809,0.3571,0.3509,0.3347
0.2082,0.2443,0.3642,0.01388,0.02307,0.1013,0.261,0.3374,0.2483
0.298,0.2006,0.577,0.01252,0.02998,0.105,0.4015,0.2799,0.294
0.135,0.2635,0.1682,0.008036,0.01579,0.1034,0.258,0.2811,0.3142
0.3193,0.3425,0.3192,0.1524,0.1998,0.256,0.3834,0.4142,0.385
0.1836,0.2527,0.1494,0.02924,0.06502,0.1482,0.3211,0.3345,0.2987
0.1624,0.3445,0.3182,0.03478,0.05218,0.1421,0.3422,0.3907,0.4121
0.1715,0.3074,0.1817,0.0372,0.07717,0.2034,0.3346,0.3274,0.3653
0.2294,0.3476,0.2331,0.08154,0.1247,0.2212,0.2832,0.3317,0.3959
0.1589,0.2218,0.2569,0.02445,0.03457,0.1119,0.3926,0.4588,0.3242
0.1585,0.251,0.2248,0.02355,0.04261,0.1252,0.3767,0.3668,0.3424
0.2678,0.3355,0.2975,0.08985,0.1395,0.2217,0.3673,0.3783,0.3914
0.1336,0.1272,0.1963,0.003796,0.01629,0.04818,0.3074,0.4307,0.2167
0.1301,0.2114,0.1669,0.0077,0.01778,0.08779,0.3863,0.3202,0.264
0.1868,0.3286,0.2997,0.03971,0.08012,0.212,0.4731,0.4332,0.4014
0.2753,0.268,0.4558,0.03021,0.05432,0.1363,0.3714,0.3057,0.363
0.158,0.2111,0.1482,0.01961,0.04197,0.1055,0.2526,0.3313,0.2937
0.1472,0.3046,0.2218,0.01756,0.04567,0.1878,0.345,0.3605,0.3378
0.2062,0.2151,0.2399,0.0283,0.04834,0.114,0.3361,0.4816,0.2608
0.2449,0.2567,0.2246,0.055,0.07902,0.1689,0.3108,0.3362,0.3266
0.2321,0.2831,0.2319,0.06344,0.111,0.1943,0.3557,0.3871,0.332
0.1021,0.3163,0.1116,0.01222,0.0345,0.1552,0.2069,0.2292,0.3305
0.2368,0.2774,0.2765,0.0247,0.04671,0.132,0.3264,0.3244,0.3261
0.3287,0.2663,0.4193,0.03578,0.0574,0.1265,0.2874,0.3003,0.3111
0.2196,0.1867,0.2088,0.03267,0.04863,0.1374,0.4128,0.4619,0.2507
0.1773,0.292,0.1854,0.04593,0.08267,0.1761,0.2913,0.3452,0.3299
0.1919,0.2927,0.2578,0.01772,0.04442,0.1445,0.2847,0.2954,0.3017
0.1498,0.3071,0.2031,0.02536,0.06665,0.1846,0.3408,0.3434,0.3195
0.1347,0.2307,0.1732,0.02671,0.0473,0.1158,0.3371,0.3811,0.2991
0.1765,0.2907,0.1739,0.03574,0.0689,0.2062,0.3552,0.3471,0.3433
0.1882,0.3177,0.2626,0.0394,0.07673,0.1768,0.3389,0.3224,0.3675
0.1686,0.2434,0.1669,0.03422,0.06196,0.1491,0.3613,0.3827,0.3333
0.1823,0.2313,0.123,0.02087,0.04881,0.1357,0.3675,0.3737,0.3099
0.1172,0.1995,0.1324,0.02126,0.04278,0.1158,0.3423,0.4404,0.319
0.174,0.3249,0.2336,0.04471,0.07543,0.178,0.2942,0.3301,0.3394
0.1335,0.2091,0.1236,0.02418,0.04319,0.1158,0.341,0.3829,0.3044
0.178,0.3004,0.2511,0.02879,0.05305,0.1543,0.3706,0.3737,0.3787
0.2192,0.2914,0.2516,0.02269,0.04848,0.1485,0.3091,0.2996,0.3094
0.1885,0.2318,0.2181,0.02326,0.04086,0.1393,0.365,0.4068,0.3136
0.1221,0.2577,0.2335,0.01266,0.02298,0.08916,0.271,0.4166,0.3309
0.1378,0.2728,0.2104,0.02881,0.06512,0.2085,0.3547,0.3812,0.362
0.1531,0.2668,0.2042,0.01736,0.04731,0.1849,0.3494,0.3575,0.3209
0.3253,0.3487,0.3114,0.1441,0.2021,0.2562,0.3799,0.3952,0.3941
0.194,0.1511,0.3534,0.003366,0.01186,0.04929,0.2238,0.3384,0.25
0.2191,0.2524,0.2132,0.03602,0.07074,0.1513,0.353,0.3672,0.3414
0.1302,0.2893,0.2282,0.0277,0.06311,0.189,0.3995,0.4602,0.3729
0.206,0.3202,0.2719,0.04556,0.07583,0.2026,0.3634,0.4084,0.3913
0.2736,0.2356,0.3614,0.03522,0.04611,0.1408,0.3281,0.4189,0.2685
0.2535,0.2902,0.2694,0.07592,0.1224,0.2017,0.3549,0.4147,0.3511
0.3243,0.2398,0.4825,0.03344,0.04878,0.1277,0.3558,0.3764,0.2567
0.1953,0.2819,0.2387,0.01709,0.03927,0.1109,0.2614,0.2514,0.3298
0.121,0.3244,0.1653,0.03335,0.06028,0.2044,0.274,0.3386,0.3485
0.2109,0.1642,0.1634,0.01807,0.03425,0.09194,0.3458,0.4032,0.2596
0.1412,0.2795,0.1637,0.01751,0.03997,0.1332,0.2629,0.3032,0.3199
0.2152,0.293,0.2695,0.0432,0.06737,0.2117,0.3076,0.3932,0.3252
0.2359,0.1913,0.2553,0.03048,0.04815,0.1301,0.3938,0.4438,0.2745
0.2064,0.2679,0.2272,0.02481,0.05957,0.149,0.2951,0.3274,0.3313
0.1043,0.4303,0.2664,0.01651,0.04286,0.2677,0.2196,0.2457,0.4551
0.1835,0.355,0.3299,0.04813,0.07093,0.2057,0.3398,0.373,0.3968
0.1654,0.3342,0.2255,0.04768,0.09329,0.2477,0.3537,0.4172,0.4073
0.1792,0.2145,0.2197,0.01555,0.02978,0.1105,0.2911,0.4087,0.2618
0.1908,0.3156,0.2552,0.03673,0.06993,0.1668,0.3762,0.3817,0.3905
0.1424,0.2436,0.2107,0.01152,0.03127,0.08736,0.2654,0.3071,0.327
0.3381,0.3049,0.2686,0.08899,0.1275,0.2109,0.3158,0.3433,0.3539
0.1682,0.2836,0.1894,0.03392,0.07137,0.1814,0.332,0.3504,0.346
0.1817,0.2991,0.2171,0.02117,0.05578,0.1613,0.3088,0.2647,0.3081
0.2198,0.3355,0.2516,0.03223,0.0612,0.2024,0.2198,0.2519,0.3496
0.1606,0.279,0.2197,0.01476,0.03644,0.1198,0.2371,0.256,0.3276
0.2345,0.2442,0.4088,0.01708,0.04438,0.108,0.3787,0.3103,0.3292
0.2406,0.3136,0.3908,0.03491,0.06488,0.1525,0.3226,0.3175,0.3757
0.1737,0.2354,0.1705,0.03129,0.06112,0.149,0.3415,0.3822,0.2926
0.177,0.2188,0.2389,0.02878,0.05913,0.1277,0.3838,0.4076,0.2926
0.1983,0.2958,0.3876,0.01877,0.04014,0.122,0.2342,0.2668,0.3232
0.1687,0.1841,0.2002,0.02463,0.03245,0.1072,0.3283,0.543,0.2623
0.1934,0.2883,0.2331,0.02408,0.06068,0.1363,0.3071,0.3211,0.3351
0.0799,0.266,0.1656,0.009621,0.01939,0.09338,0.2037,0.3162,0.3517
0.1729,0.2867,0.1528,0.0246,0.06516,0.1766,0.2849,0.3068,0.3145
0.2551,0.3258,0.2701,0.0707,0.1242,0.2139,0.3484,0.3267,0.3617
0.2321,0.2362,0.291,0.04699,0.05794,0.1586,0.3931,0.5147,0.3062
0.1676,0.2092,0.157,0.00912,0.02987,0.08197,0.2688,0.3281,0.2473
0.1983,0.2406,0.3026,0.02731,0.04056,0.1148,0.34,0.4197,0.2822
0.2196,0.2511,0.227,0.04548,0.08309,0.1634,0.3757,0.3549,0.332
0.2235,0.2492,0.3793,0.0254,0.04539,0.1319,0.2821,0.379,0.3187
0.1311,0.1988,0.1412,0.01779,0.03938,0.1093,0.2827,0.4106,0.2973
0.1077,0.1985,0.1585,0.01699,0.03211,0.08691,0.3145,0.4073,0.2928
0.2502,0.3119,0.3314,0.04112,0.07483,0.1638,0.3915,0.3676,0.3869
0.2094,0.2962,0.1985,0.06073,0.09656,0.192,0.307,0.3817,0.3556
0.2516,0.2869,0.3237,0.03252,0.0532,0.1387,0.3319,0.3437,0.3605
0.2701,0.2801,0.2214,0.03789,0.09133,0.1857,0.2749,0.3154,0.3259
0.1217,0.1916,0.1269,0.0193,0.04185,0.1141,0.3186,0.4181,0.2676
0.1526,0.334,0.2548,0.03706,0.06906,0.2512,0.3052,0.3533,0.3972
0.2353,0.2294,0.2541,0.04079,0.05745,0.1397,0.3661,0.4498,0.2932
0.2232,0.3742,0.2412,0.08013,0.1348,0.2736,0.2986,0.3301,0.3641
0.2155,0.3182,0.329,0.04053,0.06232,0.1518,0.3499,0.369,0.3646
0.1206,0.2109,0.1493,0.01646,0.04388,0.1279,0.3148,0.3556,0.3013
0.1867,0.2722,0.2001,0.04216,0.08477,0.1668,0.3574,0.3799,0.3368
0.08632,0.2289,0.1555,0.01328,0.02433,0.08589,0.2829,0.4617,0.3129
0.1294,0.2133,0.129,0.01856,0.04197,0.1064,0.3554,0.3894,0.2851
0.1811,0.2746,0.2192,0.02401,0.05185,0.1317,0.3664,0.3534,0.3484
0.1348,0.4506,0.3462,0.02105,0.05027,0.2394,0.2251,0.2124,0.4506
0.1524,0.2818,0.2422,0.02494,0.04018,0.1269,0.3329,0.3759,0.353
0.3175,0.2702,0.368,0.02667,0.06073,0.1576,0.2885,0.2461,0.3141
0.1593,0.2701,0.2163,0.02123,0.03484,0.1241,0.3013,0.3844,0.3064
0.3222,0.3939,0.345,0.1915,0.2351,0.3349,0.3885,0.3883,0.4269
0.2327,0.3446,0.2191,0.08098,0.1393,0.2442,0.3362,0.3122,0.3674
0.216,0.3485,0.274,0.04308,0.09191,0.2248,0.336,0.3719,0.3911
0.1666,0.2735,0.1879,0.03569,0.07364,0.1757,0.3498,0.3343,0.3281
0.2379,0.3635,0.2613,0.1055,0.1515,0.2681,0.3526,0.3826,0.4034
0.2057,0.2188,0.2462,0.01788,0.03903,0.1531,0.3387,0.3767,0.3593
0.08879,0.199,0.1419,0.01082,0.02417,0.07664,0.3433,0.4668,0.3158
0.1151,0.2182,0.1206,0.01799,0.03895,0.1024,0.3373,0.3971,0.2814
0.155,0.2682,0.1979,0.02865,0.05711,0.1531,0.3185,0.3553,0.3179
0.1507,0.2684,0.1766,0.02576,0.05732,0.1341,0.3274,0.3624,0.3423
0.2167,0.3585,0.3517,0.05928,0.08368,0.2038,0.3872,0.3925,0.4442
0.2687,0.2672,0.2504,0.04449,0.08772,0.1719,0.3454,0.3257,0.3199
0.1162,0.2676,0.2229,0.01679,0.03061,0.1041,0.3206,0.4253,0.3395
0.234,0.3259,0.3353,0.05467,0.08338,0.1974,0.3712,0.3525,0.4337
0.2283,0.3272,0.2907,0.03719,0.07244,0.1625,0.2585,0.2802,0.3342
0.2304,0.3612,0.3062,0.06808,0.1114,0.259,0.3175,0.3424,0.3799
0.1474,0.2862,0.1926,0.02299,0.05213,0.1637,0.3007,0.2884,0.3692
0.191,0.2348,0.1712,0.02491,0.05485,0.1288,0.3363,0.3393,0.3182
0.2389,0.3338,0.2975,0.09845,0.1346,0.2099,0.3117,0.4102,0.3817
0.1648,0.3137,0.2277,0.02851,0.05746,0.1667,0.3157,0.3266,0.3696
0.2408,0.3568,0.2388,0.04316,0.09511,0.1848,0.2588,0.2852,0.3613
0.1319,0.205,0.1445,0.01481,0.03792,0.1017,0.2991,0.3773,0.2807
0.129,0.2931,0.1869,0.02128,0.05144,0.1926,0.2832,0.3083,0.3305
0.1343,0.3275,0.1946,0.02389,0.05046,0.1868,0.2993,0.3195,0.3937
0.1339,0.2746,0.2405,0.02549,0.03839,0.1238,0.3584,0.447,0.3671
0.2041,0.2306,0.231,0.03972,0.05581,0.1411,0.424,0.5171,0.2761
0.1205,0.2272,0.1216,0.02332,0.04907,0.1265,0.3038,0.397,0.3056
0.1941,0.3242,0.2705,0.0383,0.08042,0.2059,0.3914,0.4053,0.4075
0.2736,0.2535,0.2476,0.03332,0.06738,0.1592,0.3472,0.3277,0.3527
0.2403,0.2464,0.2237,0.05287,0.08987,0.1662,0.3448,0.3786,0.3263
0.2699,0.3299,0.3549,0.07947,0.1147,0.1858,0.2988,0.3287,0.3698
0.2424,0.291,0.4017,0.01679,0.03036,0.1329,0.2524,0.2401,0.3275
0.1843,0.2472,0.2431,0.02459,0.04696,0.1292,0.3557,0.3804,0.3253
0.2295,0.2072,0.2932,0.01866,0.04058,0.1065,0.3883,0.3922,0.2935
0.1954,0.2028,0.2328,0.0167,0.02994,0.09971,0.3224,0.3835,0.2865
0.1911,0.345,0.2373,0.0441,0.08588,0.1928,0.3057,0.3094,0.3607
0.1362,0.1909,0.1643,0.007021,0.01865,0.07153,0.303,0.3444,0.2855
0.187,0.1885,0.2005,0.02898,0.04541,0.1184,0.3945,0.4827,0.2613
0.1795,0.3021,0.26,0.02411,0.04527,0.1408,0.229,0.2764,0.314
0.1772,0.3125,0.2171,0.04204,0.07867,0.2191,0.2905,0.3618,0.3978
0.2343,0.2706,0.2656,0.03435,0.06157,0.1467,0.3126,0.3203,0.3207
0.2599,0.2701,0.2964,0.05144,0.08789,0.1712,0.2821,0.3307,0.3599
0.2136,0.3009,0.2164,0.03961,0.09379,0.1954,0.3081,0.2936,0.3405
0.1242,0.3796,0.1632,0.01384,0.03691,0.1434,0.2061,0.217,0.3347
0.1193,0.2942,0.197,0.01916,0.04031,0.159,0.268,0.3111,0.3469
0.2568,0.2998,0.3597,0.03777,0.07005,0.1801,0.3972,0.3461,0.3632
0.1538,0.2869,0.2596,0.0168,0.03205,0.1399,0.3283,0.3897,0.3478
0.2028,0.1913,0.1984,0.02011,0.03798,0.1018,0.3251,0.4322,0.2306
0.1721,0.2287,0.2226,0.03234,0.06475,0.1382,0.4322,0.4422,0.3322
0.2969,0.3702,0.3906,0.1191,0.1627,0.2649,0.3424,0.3656,0.4113
0.1089,0.1793,0.1206,0.007939,0.02067,0.07753,0.342,0.3765,0.2659
0.09812,0.2163,0.1252,0.016,0.04107,0.1042,0.3104,0.4177,0.2791
0.2384,0.3435,0.2623,0.08466,0.1396,0.2362,0.3294,0.3407,0.3835
0.1678,0.2552,0.2013,0.02274,0.04757,0.1174,0.2522,0.2565,0.2717
0.1602,0.2518,0.2481,0.02223,0.03862,0.106,0.3644,0.4339,0.3386
0.125,0.2284,0.1178,0.01372,0.03649,0.09283,0.348,0.3684,0.3305
0.2036,0.3094,0.2844,0.03629,0.07757,0.1625,0.3326,0.317,0.3597
0.3125,0.2625,0.4227,0.03197,0.06161,0.1388,0.3971,0.3748,0.3479
0.2057,0.2488,0.1907,0.03129,0.05821,0.1468,0.3361,0.3419,0.304
0.2676,0.2951,0.3402,0.0262,0.04611,0.1356,0.2555,0.2723,0.3349
0.1564,0.3028,0.1566,0.03211,0.06244,0.177,0.3152,0.3434,0.3264
0.1472,0.3117,0.3023,0.02071,0.039,0.1588,0.2784,0.2843,0.4101
0.1741,0.3662,0.3645,0.03078,0.04752,0.1524,0.2815,0.3577,0.4263
0.1568,0.3069,0.159,0.03719,0.07479,0.1987,0.3109,0.2959,0.3544
0.1821,0.2616,0.1989,0.02394,0.06223,0.1444,0.296,0.2862,0.3012
0.1387,0.2809,0.1387,0.02452,0.05324,0.1606,0.3015,0.3357,0.3276
0.2157,0.274,0.2348,0.03624,0.07056,0.1494,0.3178,0.3291,0.3243
0.2733,0.3394,0.2568,0.0824,0.1468,0.2562,0.3446,0.3314,0.3718
0.1135,0.2675,0.1631,0.01238,0.02881,0.1023,0.2495,0.2731,0.2838
0.3645,0.2287,0.3496,0.07229,0.08959,0.1782,0.412,0.4754,0.294
0.1509,0.2347,0.1425,0.02993,0.05497,0.1316,0.368,0.3986,0.3037
0.1785,0.2139,0.1712,0.03171,0.07025,0.1316,0.364,0.3908,0.2858
0.3306,0.2641,0.2948,0.03881,0.0764,0.1587,0.3139,0.286,0.3014
0.1681,0.1907,0.337,0.004549,0.01236,0.06839,0.236,0.3587,0.2796
0.2255,0.2879,0.3768,0.01892,0.04205,0.1796,0.3423,0.2904,0.3263
0.1762,0.4199,0.2652,0.04884,0.09097,0.2682,0.2507,0.2794,0.4299
0.2206,0.3046,0.3312,0.04235,0.07231,0.1634,0.2866,0.3345,0.3641
0.3559,0.206,0.2984,0.01937,0.05013,0.1026,0.2962,0.3106,0.2369
0.1592,0.2159,0.2094,0.01692,0.03551,0.09648,0.4054,0.3922,0.3427
0.2159,0.3612,0.2716,0.06524,0.105,0.2775,0.3083,0.3431,0.3966
0.1967,0.2907,0.2455,0.03095,0.04798,0.1377,0.3756,0.3886,0.369
0.1954,0.2332,0.1871,0.02758,0.06051,0.1242,0.3811,0.3513,0.2745
0.1936,0.3003,0.2039,0.05554,0.09117,0.1992,0.3517,0.3737,0.3603
0.2215,0.1998,0.199,0.03293,0.04685,0.1393,0.4227,0.5215,0.2578
0.1471,0.3614,0.1634,0.03558,0.08041,0.2338,0.2585,0.299,0.425
0.2361,0.2458,0.1976,0.04345,0.08167,0.1616,0.3781,0.338,0.3234
0.2214,0.3088,0.3451,0.04937,0.08108,0.1978,0.3254,0.4012,0.3616
0.1376,0.2471,0.1581,0.01651,0.03861,0.1177,0.2706,0.3251,0.3204
0.1175,0.3053,0.1778,0.02049,0.04392,0.1771,0.2364,0.2996,0.3844
0.3666,0.182,0.6484,0.01384,0.03574,0.1077,0.2843,0.1716,0.2171
0.212,0.3504,0.3503,0.05555,0.08084,0.1977,0.3999,0.3817,0.4052
0.2476,0.2141,0.2537,0.04187,0.06951,0.1291,0.387,0.4324,0.2775
0.14,0.2381,0.1449,0.02485,0.04949,0.1347,0.3374,0.3853,0.2965
0.1478,0.2642,0.1359,0.01935,0.04375,0.129,0.2909,0.3286,0.305
0.1819,0.3126,0.282,0.03551,0.05051,0.1409,0.3584,0.4336,0.3757
0.2201,0.2758,0.1977,0.05968,0.0955,0.1896,0.3546,0.3783,0.3399
0.1678,0.3323,0.1896,0.03672,0.07403,0.2487,0.2915,0.3082,0.3797
0.1481,0.3093,0.2036,0.01846,0.04303,0.1462,0.2476,0.2811,0.3678
0.1486,0.2236,0.1629,0.03324,0.0573,0.1405,0.3267,0.4334,0.3222
0.1221,0.2703,0.1706,0.02116,0.04815,0.1503,0.2759,0.3638,0.3238
0.2183,0.3271,0.4129,0.02684,0.04004,0.1237,0.2759,0.3346,0.3713
0.1347,0.2307,0.1732,0.02671,0.0473,0.1158,0.3371,0.3811,0.2991
0.1552,0.2931,0.2247,0.02494,0.0542,0.2015,0.4137,0.4069,0.3568
0.166,0.308,0.2745,0.02388,0.05307,0.1293,0.2872,0.3192,0.3517
0.1852,0.3412,0.3307,0.03642,0.06573,0.1806,0.3476,0.3404,0.4024
0.2604,0.301,0.3064,0.05019,0.08709,0.1589,0.2848,0.2961,0.3275
0.1321,0.2109,0.1273,0.01955,0.03981,0.1069,0.2879,0.4046,0.2813
0.1375,0.2811,0.1691,0.03056,0.05591,0.1745,0.3341,0.388,0.3463
0.2381,0.2959,0.2306,0.03346,0.07432,0.1774,0.3091,0.3262,0.3169
0.1998,0.3466,0.2123,0.04671,0.09609,0.2101,0.2906,0.296,0.3667
0.135,0.3689,0.3022,0.01667,0.04383,0.2077,0.2065,0.2481,0.4188
0.1985,0.2171,0.1987,0.03086,0.05453,0.1558,0.3962,0.4907,0.3038
0.2138,0.2372,0.1846,0.0416,0.0704,0.141,0.3426,0.3486,0.3026
0.1698,0.2494,0.1427,0.0309,0.06358,0.1364,0.3433,0.3814,0.3075
0.1606,0.2504,0.1596,0.01745,0.04757,0.1405,0.3111,0.2876,0.3187
0.1857,0.327,0.2476,0.02903,0.06222,0.1739,0.2485,0.286,0.3678
0.1363,0.2532,0.1835,0.01899,0.04232,0.1255,0.3493,0.3621,0.3205
0.2291,0.2622,0.2058,0.0325,0.05559,0.1529,0.2745,0.2981,0.3117
0.1719,0.3039,0.2854,0.02648,0.04354,0.1324,0.3582,0.3816,0.3692
0.1935,0.2322,0.182,0.03565,0.06718,0.1387,0.369,0.4003,0.3176
0.1691,0.3439,0.21,0.05347,0.0953,0.2548,0.3142,0.3584,0.39
0.2889,0.2426,0.4709,0.01808,0.03098,0.08764,0.2785,0.2917,0.3064
0.2887,0.3182,0.2603,0.107,0.1569,0.2463,0.3527,0.3628,0.3626
0.1133,0.2956,0.2626,0.02151,0.03718,0.1489,0.3279,0.413,0.3907
0.1889,0.2412,0.3006,0.03268,0.04086,0.1321,0.4144,0.5226,0.3545
0.2392,0.3489,0.2975,0.08473,0.1338,0.2165,0.349,0.3869,0.3989
0.1852,0.35,0.2538,0.05283,0.1015,0.2395,0.382,0.3594,0.3804
0.2096,0.2257,0.2497,0.03313,0.05306,0.1333,0.3549,0.4329,0.2763
0.112,0.2061,0.1185,0.01639,0.03673,0.08951,0.3418,0.4472,0.278
0.1264,0.2625,0.1686,0.01931,0.04787,0.1516,0.3439,0.359,0.3344
0.2027,0.2747,0.1743,0.05259,0.08151,0.1601,0.3091,0.3865,0.3384
0.3056,0.3762,0.3568,0.08179,0.1336,0.2524,0.2834,0.3012,0.3784
0.1,0.2375,0.1268,0.01982,0.04834,0.1395,0.3719,0.4151,0.3363
0.1572,0.2443,0.15,0.02733,0.05094,0.1257,0.3281,0.3778,0.3097
0.158,0.2159,0.1771,0.02469,0.04211,0.1385,0.3703,0.4521,0.2849
0.1378,0.2237,0.1166,0.01968,0.04465,0.1208,0.3282,0.3569,0.3044
0.221,0.2406,0.2906,0.03014,0.038,0.1402,0.397,0.458,0.3131
0.3003,0.2216,0.4073,0.02816,0.04246,0.1121,0.2894,0.3636,0.2824
0.09927,0.338,0.2721,0.01383,0.03472,0.2116,0.3042,0.3328,0.4191
0.293,0.2161,0.6658,0.008695,0.02314,0.07822,0.2462,0.1506,0.2222
0.3323,0.3223,0.327,0.08353,0.1348,0.1979,0.3873,0.3463,0.3559
0.08594,0.1895,0.1233,0.01163,0.02847,0.08697,0.265,0.3817,0.2835
0.1961,0.3252,0.2082,0.04292,0.09059,0.2206,0.3357,0.2997,0.3426
0.2027,0.3534,0.4181,0.03035,0.05568,0.2035,0.3805,0.4099,0.4177
0.2599,0.2653,0.3319,0.02683,0.05166,0.1171,0.3011,0.3058,0.3091
0.2255,0.2745,0.2457,0.05037,0.1001,0.1895,0.429,0.4113,0.3618
0.2494,0.2039,0.3234,0.01174,0.03503,0.09876,0.3186,0.2825,0.2654
0.205,0.3457,0.282,0.04701,0.08547,0.2082,0.2811,0.2896,0.4014
0.182,0.295,0.1916,0.06598,0.0948,0.1887,0.3495,0.4187,0.3701
0.1988,0.2753,0.2115,0.04176,0.08026,0.1652,0.3237,0.3693,0.3182
0.1853,0.3059,0.2453,0.03786,0.07159,0.1838,0.3911,0.3786,0.3886
0.1612,0.2396,0.1852,0.01477,0.03244,0.1286,0.2586,0.2908,0.2802
0.2139,0.2354,0.4484,0.008356,0.02508,0.1017,0.3096,0.2815,0.3029
0.3656,0.2954,0.3944,0.05721,0.1009,0.1857,0.2879,0.2855,0.3317
0.1366,0.2036,0.1454,0.02027,0.04324,0.1088,0.3306,0.3961,0.2789
0.2984,0.3126,0.413,0.03648,0.06292,0.1403,0.2971,0.304,0.3501
0.1706,0.3187,0.2871,0.03134,0.05134,0.1492,0.3389,0.3903,0.3914
0.1804,0.2233,0.1835,0.02395,0.0501,0.1225,0.3496,0.3808,0.2798
0.3002,0.3008,0.2797,0.08104,0.1184,0.2038,0.3404,0.3488,0.3278
0.1047,0.2477,0.1472,0.01296,0.02628,0.1188,0.2916,0.3668,0.3405
0.1496,0.2929,0.1881,0.02808,0.0629,0.2033,0.2831,0.3111,0.3517
0.1837,0.2677,0.1888,0.05419,0.08244,0.1877,0.3476,0.4118,0.3588
0.1358,0.2617,0.2349,0.01989,0.04261,0.1139,0.3493,0.4059,0.3261
0.1242,0.3028,0.1917,0.02038,0.04203,0.1987,0.3747,0.4177,0.3397
0.2276,0.3147,0.3033,0.03713,0.06745,0.166,0.2664,0.3021,0.3274
0.2021,0.2336,0.2502,0.03458,0.07843,0.1504,0.4171,0.3437,0.3225
0.263,0.3212,0.4056,0.04015,0.07596,0.1639,0.2425,0.2488,0.3514
0.179,0.2373,0.1876,0.03008,0.05945,0.1368,0.3578,0.383,0.306
0.1196,0.2162,0.1371,0.01667,0.04832,0.148,0.3563,0.4087,0.296
0.348,0.288,0.2663,0.06158,0.1028,0.1694,0.2876,0.2824,0.3227
0.1921,0.2324,0.2129,0.03772,0.05886,0.1285,0.3178,0.4127,0.3132
0.3003,0.3759,0.3176,0.1071,0.1603,0.2468,0.3115,0.3051,0.3904
0.1702,0.2382,0.1729,0.02509,0.05708,0.134,0.3727,0.3553,0.3006
0.1598,0.2267,0.2366,0.01898,0.02943,0.1234,0.2927,0.425,0.3167
0.1702,0.2458,0.1499,0.01533,0.04268,0.1195,0.2347,0.2552,0.3034
0.1666,0.1563,0.1786,0.01109,0.03056,0.07975,0.398,0.409,0.2447
0.118,0.2131,0.1188,0.0211,0.038,0.1115,0.2573,0.3943,0.2999
0.1938,0.2735,0.2696,0.02174,0.04078,0.1326,0.2943,0.3408,0.3472
0.2058,0.276,0.2115,0.04638,0.08532,0.1653,0.3929,0.3907,0.3281
0.1964,0.3146,0.2555,0.03716,0.06699,0.2163,0.3197,0.3523,0.3685
0.2068,0.2504,0.2798,0.02579,0.04342,0.1206,0.2817,0.3924,0.3175
0.127,0.2442,0.1364,0.01923,0.04921,0.1472,0.3296,0.3567,0.2958
0.1573,0.3095,0.1774,0.04751,0.0827,0.2012,0.3175,0.3594,0.3536
0.2176,0.1861,0.228,0.03286,0.05006,0.1351,0.4297,0.5127,0.2633
0.2308,0.1834,0.2179,0.01759,0.04275,0.1017,0.3609,0.409,0.2776
0.3661,0.2998,0.3688,0.05103,0.08157,0.1676,0.2649,0.2805,0.2975
0.2523,0.2334,0.2802,0.04032,0.06569,0.1428,0.3581,0.3962,0.2873
0.1531,0.3127,0.3835,0.01553,0.02443,0.1063,0.2793,0.2839,0.3148
0.1765,0.2888,0.234,0.05575,0.09574,0.1959,0.3329,0.3788,0.3537
0.2212,0.2539,0.201,0.03534,0.06023,0.1199,0.3205,0.3368,0.2812
0.1696,0.2285,0.1837,0.02711,0.05169,0.1558,0.376,0.3976,0.302
0.2072,0.3758,0.2583,0.04877,0.08856,0.241,0.3167,0.2994,0.3936
0.2177,0.2682,0.1838,0.01707,0.04669,0.1252,0.279,0.2339,0.278
0.1753,0.2815,0.2735,0.03135,0.07111,0.1923,0.4737,0.4414,0.3894
0.1668,0.2397,0.3575,0.004016,0.01059,0.05339,0.2759,0.4115,0.3019
0.3848,0.3481,0.427,0.1319,0.1649,0.243,0.319,0.3465,0.3724
0.159,0.3266,0.2167,0.03599,0.07771,0.1928,0.3424,0.3566,0.3708
0.201,0.2581,0.2123,0.03674,0.06821,0.1472,0.3566,0.3538,0.3276
0.106,0.2095,0.1315,0.01846,0.035,0.09543,0.276,0.4324,0.2881
0.1437,0.1915,0.1361,0.01534,0.03396,0.09402,0.3207,0.3983,0.2845
0.2114,0.2775,0.199,0.04483,0.08231,0.1608,0.3754,0.3872,0.311
0.2695,0.3399,0.472,0.04965,0.07425,0.1844,0.3963,0.3214,0.4157
0.111,0.3268,0.1782,0.011,0.02775,0.1574,0.1845,0.2493,0.3204
0.1967,0.355,0.2062,0.04719,0.08652,0.2643,0.3066,0.3381,0.3889
0.2545,0.244,0.2135,0.06012,0.1044,0.1818,0.3757,0.3656,0.3188
0.1257,0.2763,0.1787,0.02424,0.05758,0.1656,0.3961,0.3961,0.327
0.1767,0.3049,0.1825,0.04242,0.0784,0.1853,0.272,0.2999,0.3411
0.1523,0.1835,0.1877,0.009158,0.0132,0.07068,0.2662,0.3993,0.2504
0.3132,0.2843,0.2738,0.04157,0.08327,0.1711,0.2801,0.2853,0.3062
0.1308,0.2463,0.1602,0.0221,0.05161,0.1591,0.2951,0.3552,0.3002
0.145,0.2096,0.1495,0.02005,0.05137,0.1132,0.2673,0.326,0.2751
0.3035,0.2784,0.4573,0.02197,0.03606,0.09173,0.2803,0.2703,0.324
0.1661,0.258,0.199,0.02731,0.05865,0.1169,0.3161,0.3763,0.3223
0.2291,0.2622,0.2058,0.0325,0.05559,0.1529,0.2745,0.2981,0.3117
0.1408,0.2319,0.1762,0.01776,0.0407,0.1308,0.342,0.3398,0.269
0.2787,0.2616,0.2541,0.05501,0.09498,0.1566,0.357,0.3621,0.3338
0.1354,0.1914,0.1551,0.01107,0.02302,0.1008,0.2671,0.4237,0.2498
0.1643,0.2825,0.1666,0.04281,0.08166,0.1516,0.356,0.3795,0.3212
0.1652,0.3571,0.327,0.02478,0.04386,0.1371,0.2591,0.3276,0.3858
0.1249,0.2824,0.1449,0.02186,0.05223,0.1634,0.3269,0.3429,0.3362
0.1526,0.2579,0.197,0.02368,0.05109,0.1383,0.3634,0.3791,0.3369
0.3191,0.2827,0.515,0.0169,0.03429,0.1022,0.2795,0.2531,0.3312
0.1871,0.2912,0.2258,0.03123,0.05863,0.1626,0.3099,0.2814,0.3378
0.3209,0.3069,0.2731,0.07819,0.1258,0.246,0.3276,0.2906,0.34
0.1256,0.1836,0.1758,0.006591,0.01905,0.09565,0.2499,0.3415,0.2588
0.2813,0.354,0.2702,0.09712,0.1486,0.2595,0.367,0.3426,0.3844
0.1405,0.2089,0.153,0.01591,0.03537,0.09793,0.3185,0.4332,0.2964
0.09457,0.3465,0.3591,0.001892,0.008236,0.07988,0.3798,0.1642,0.3341
0.1228,0.3404,0.2225,0.0155,0.03925,0.2088,0.253,0.2356,0.3819
0.1346,0.2338,0.1454,0.02071,0.05049,0.1237,0.3471,0.3803,0.3197
0.105,0.2731,0.2967,0.01987,0.03887,0.1127,0.3479,0.4412,0.3394
0.1864,0.317,0.2999,0.02782,0.05037,0.1526,0.3439,0.3399,0.3674
0.2284,0.2219,0.1938,0.06082,0.09055,0.1547,0.3195,0.4136,0.3216
0.3025,0.3694,0.2694,0.1562,0.2132,0.2807,0.3974,0.4053,0.3986
0.1508,0.2831,0.1638,0.02024,0.04787,0.142,0.2734,0.2915,0.3333
0.2958,0.3682,0.3363,0.1306,0.1663,0.2653,0.3543,0.3685,0.4003
0.1896,0.2805,0.1978,0.03991,0.08258,0.1806,0.3519,0.3732,0.3572
0.1491,0.2789,0.2738,0.01796,0.03896,0.115,0.2493,0.2896,0.3607
0.1354,0.225,0.1494,0.03156,0.05165,0.1106,0.263,0.4203,0.3214
0.1506,0.225,0.1493,0.0153,0.04312,0.1163,0.2821,0.3136,0.2925
0.2692,0.3382,0.2157,0.07492,0.1162,0.2004,0.3007,0.3004,0.342
0.2076,0.3351,0.3286,0.03285,0.06117,0.2077,0.2401,0.2849,0.3544
0.1647,0.2496,0.1954,0.02049,0.0624,0.1557,0.419,0.3978,0.3433
0.1698,0.2668,0.2386,0.02401,0.04404,0.1215,0.2904,0.3558,0.3241
0.2393,0.3131,0.3586,0.02487,0.04679,0.1624,0.2689,0.3177,0.3475
0.1233,0.1873,0.1162,0.009171,0.0252,0.07142,0.2655,0.3613,0.2506
0.1957,0.3198,0.3355,0.04158,0.06545,0.1626,0.2685,0.3671,0.3756
0.2739,0.3756,0.2208,0.09203,0.1661,0.2785,0.3413,0.3108,0.3941
0.2042,0.2558,0.1882,0.0398,0.06938,0.1475,0.3478,0.4052,0.3137
0.1775,0.2391,0.2132,0.01862,0.03774,0.1188,0.2754,0.3231,0.3068
0.2728,0.3091,0.3863,0.05446,0.07509,0.166,0.4119,0.4425,0.3952
0.233,0.3106,0.2504,0.05572,0.09474,0.2086,0.3054,0.3445,0.3731
0.2484,0.2913,0.2806,0.03638,0.06996,0.1525,0.3219,0.3128,0.3212
0.2992,0.2582,0.3479,0.03161,0.06921,0.1368,0.3422,0.3257,0.3182
0.1996,0.2943,0.2642,0.0349,0.06872,0.1758,0.3154,0.338,0.3439
0.1811,0.2603,0.1521,0.03265,0.06786,0.145,0.3656,0.3539,0.3127
0.1291,0.2546,0.2519,0.01284,0.01957,0.1282,0.4088,0.4619,0.3434
0.3429,0.294,0.485,0.04966,0.07612,0.1495,0.2749,0.2214,0.334
0.2203,0.2524,0.2729,0.04354,0.0841,0.1581,0.4474,0.3663,0.3315
0.2727,0.3119,0.261,0.07583,0.1218,0.206,0.3433,0.3505,0.3532
0.1909,0.24,0.4422,0.009723,0.02499,0.1466,0.3353,0.3443,0.3274
0.1327,0.2373,0.1641,0.01389,0.03346,0.115,0.3487,0.4291,0.2911
0.1516,0.2938,0.2247,0.02228,0.03692,0.116,0.3169,0.3936,0.3399
0.1254,0.3376,0.3128,0.01198,0.02466,0.1607,0.176,0.2473,0.3945
0.1705,0.1887,0.1909,0.02522,0.03603,0.1403,0.3598,0.5174,0.2691
0.2955,0.2592,0.4342,0.02193,0.03709,0.1188,0.2956,0.2796,0.3973
0.1545,0.2659,0.2046,0.02605,0.05197,0.1501,0.3781,0.3625,0.3538
0.1354,0.225,0.1494,0.03156,0.05165,0.1106,0.263,0.4203,0.3214
0.2509,0.271,0.3308,0.02883,0.04614,0.1305,0.3325,0.3175,0.3498
0.1982,0.2777,0.2748,0.04524,0.06756,0.1366,0.3511,0.396,0.3477
0.184,0.2323,0.4422,0.004757,0.01201,0.06904,0.2333,0.2402,0.2785
0.2126,0.2729,0.2114,0.03619,0.07112,0.145,0.3401,0.3291,0.3177
0.1537,0.2623,0.1858,0.0332,0.06712,0.1811,0.3781,0.3901,0.3217
0.2836,0.3466,0.3079,0.1334,0.1804,0.2573,0.3918,0.418,0.3977
0.1501,0.2752,0.2188,0.02313,0.05838,0.1711,0.4746,0.4578,0.3653
0.1865,0.3591,0.3215,0.03546,0.07475,0.2439,0.4061,0.3974,0.4186
0.1649,0.271,0.2559,0.02084,0.05391,0.1576,0.316,0.3324,0.3091
0.2637,0.3198,0.2078,0.05843,0.1169,0.1965,0.3019,0.3218,0.353
0.1884,0.3381,0.293,0.03278,0.05815,0.1564,0.3224,0.3283,0.4098
0.1351,0.3685,0.1826,0.01757,0.04597,0.2068,0.2735,0.2506,0.3609
0.2172,0.2376,0.4428,0.01466,0.02953,0.08912,0.2494,0.3284,0.3103
0.1966,0.1871,0.2342,0.02667,0.04118,0.1197,0.3993,0.5141,0.2542
0.217,0.2817,0.2051,0.03908,0.07282,0.1566,0.2755,0.322,0.3168
0.2904,0.3921,0.2907,0.1477,0.2157,0.2855,0.3391,0.3573,0.4301
0.1369,0.2948,0.1723,0.02406,0.0493,0.1551,0.3215,0.3596,0.3353
0.1659,0.3072,0.1885,0.04079,0.08406,0.1986,0.4085,0.3668,0.3505
0.1649,0.2445,0.1635,0.04135,0.06301,0.1361,0.317,0.4126,0.333
0.1472,0.165,0.1102,0.01266,0.03585,0.07615,0.3486,0.3833,0.2373
0.1189,0.2297,0.1487,0.01724,0.03771,0.1218,0.3034,0.4158,0.3169
0.1896,0.2113,0.2284,0.01105,0.02728,0.08997,0.3051,0.3273,0.2689
0.2692,0.3377,0.3333,0.08686,0.1343,0.2277,0.3395,0.3353,0.3874
0.2702,0.3004,0.2607,0.08917,0.1355,0.2261,0.3687,0.3645,0.3586
0.191,0.2863,0.1835,0.06136,0.09838,0.2288,0.3621,0.3737,0.3647
0.2527,0.3157,0.2351,0.06795,0.1198,0.2259,0.3801,0.3471,0.3567
0.3287,0.3288,0.3471,0.09705,0.155,0.2262,0.3388,0.3286,0.3587
0.2059,0.1568,0.181,0.006186,0.01798,0.07405,0.2633,0.2678,0.2663
0.119,0.2894,0.1372,0.01791,0.04824,0.19,0.287,0.295,0.3744
0.2238,0.283,0.2088,0.02417,0.05213,0.1139,0.2188,0.2421,0.3085
0.1831,0.2496,0.3007,0.02306,0.03962,0.1244,0.3541,0.4548,0.3227
0.1815,0.273,0.1941,0.01438,0.04002,0.1158,0.2609,0.2589,0.3021
0.1344,0.2549,0.2072,0.02211,0.04175,0.1652,0.3344,0.4336,0.401
0.1618,0.3583,0.3054,0.02957,0.05617,0.2301,0.375,0.4022,0.3901
0.1362,0.2952,0.1734,0.02486,0.0555,0.1701,0.3212,0.3752,0.3438
0.1336,0.405,0.3029,0.01582,0.03601,0.202,0.1846,0.2174,0.4
0.2468,0.2108,0.2353,0.04406,0.06388,0.1446,0.3989,0.4842,0.294
0.1965,0.2668,0.3444,0.02654,0.03364,0.129,0.2871,0.4548,0.3466
0.2172,0.3874,0.2531,0.06904,0.1109,0.287,0.2796,0.3001,0.4056
0.1065,0.236,0.1332,0.01897,0.03873,0.1184,0.3493,0.3712,0.3059
0.1863,0.3387,0.2746,0.02753,0.05143,0.1497,0.3284,0.2834,0.3806
0.165,0.2447,0.1504,0.0378,0.06679,0.1301,0.3267,0.399,0.3126
0.1833,0.3233,0.2441,0.02262,0.04666,0.1616,0.3146,0.302,0.3269
0.2525,0.2374,0.3555,0.02069,0.04337,0.1505,0.3587,0.3643,0.3869
0.1309,0.2527,0.1645,0.02698,0.05018,0.1757,0.3191,0.4243,0.3255
0.2237,0.2956,0.3076,0.04678,0.07646,0.1572,0.2999,0.3188,0.3013
0.1447,0.241,0.1538,0.02353,0.06934,0.1585,0.338,0.2958,0.3243
0.1615,0.3203,0.2717,0.0276,0.05615,0.1531,0.3568,0.3599,0.3776
0.1211,0.2517,0.1521,0.02431,0.04849,0.1355,0.3312,0.3816,0.3446
0.1753,0.2512,0.207,0.0258,0.05205,0.1302,0.397,0.3739,0.3355
0.175,0.3183,0.1834,0.05382,0.08407,0.2093,0.352,0.3755,0.3869
0.1234,0.2696,0.187,0.02216,0.04535,0.1591,0.279,0.3257,0.3262
0.1449,0.2256,0.1972,0.02827,0.05172,0.1683,0.3365,0.4711,0.3571
0.2764,0.2736,0.5005,0.02844,0.04036,0.1177,0.2913,0.3319,0.2921
0.09963,0.2549,0.1783,0.01369,0.02968,0.09917,0.2703,0.4185,0.3217
0.2756,0.2475,0.4326,0.01883,0.03481,0.1129,0.2444,0.3155,0.3295
0.1518,0.2415,0.1984,0.02082,0.03793,0.1077,0.3428,0.393,0.3244
0.1561,0.2745,0.1837,0.02226,0.04691,0.1533,0.2985,0.3125,0.2922
0.152,0.2469,0.1329,0.01486,0.03992,0.1262,0.2769,0.3192,0.2962
0.1576,0.2693,0.1441,0.02223,0.05186,0.151,0.3197,0.3231,0.34
0.228,0.2336,0.255,0.03171,0.05898,0.1574,0.3493,0.3893,0.2895
0.2711,0.209,0.2497,0.03794,0.06941,0.1379,0.4041,0.4169,0.2782
0.1688,0.2727,0.1776,0.03794,0.07367,0.1477,0.3312,0.3822,0.3227
0.1707,0.3043,0.2205,0.04299,0.07514,0.213,0.3135,0.3781,0.3421
0.2428,0.2241,0.2652,0.0197,0.04829,0.1236,0.3539,0.3462,0.2814
0.2006,0.271,0.2167,0.03783,0.06966,0.1577,0.3185,0.4007,0.3297
0.177,0.2491,0.3482,0.02078,0.05285,0.154,0.4268,0.3163,0.3582
0.1493,0.2145,0.2047,0.01675,0.03423,0.1018,0.3675,0.3836,0.3173
0.2584,0.3392,0.4275,0.04856,0.08022,0.1877,0.2576,0.2924,0.3837
0.1762,0.2509,0.1709,0.02632,0.05834,0.1477,0.3276,0.3129,0.299
0.2063,0.2808,0.254,0.02323,0.05319,0.127,0.2577,0.2811,0.3542
0.2739,0.2545,0.3659,0.02348,0.04346,0.1572,0.3511,0.3773,0.3817
0.1207,0.2591,0.1985,0.01949,0.03232,0.1088,0.3751,0.4385,0.3628
0.1577,0.2684,0.2341,0.01359,0.03332,0.1224,0.2849,0.2719,0.3369
0.1239,0.4247,0.3098,0.03028,0.04626,0.2585,0.3441,0.4078,0.4589
0.1711,0.3122,0.187,0.03809,0.07928,0.1958,0.3435,0.3474,0.3687
0.1992,0.2261,0.1838,0.03393,0.06385,0.1413,0.3912,0.3957,0.2964
0.2492,0.3192,0.2472,0.06289,0.1128,0.219,0.3244,0.3112,0.3445
0.2284,0.2649,0.38,0.03278,0.04613,0.1505,0.2988,0.4193,0.3304
0.1306,0.3235,0.2114,0.02104,0.04029,0.1664,0.3047,0.3194,0.3654
0.2305,0.3616,0.2447,0.08837,0.1307,0.2499,0.3045,0.3333,0.409
0.3837,0.3255,0.5432,0.05119,0.0824,0.1712,0.2768,0.2471,0.3264
0.2594,0.4234,0.3302,0.1015,0.1516,0.315,0.2991,0.3039,0.4077
0.1251,0.227,0.1432,0.01714,0.04284,0.1122,0.3288,0.3981,0.3058
0.133,0.2658,0.1509,0.01868,0.04257,0.1067,0.3078,0.3554,0.3179
0.2831,0.2785,0.3498,0.03483,0.05796,0.1328,0.3672,0.3832,0.3404
0.2105,0.3377,0.2822,0.03753,0.06851,0.1602,0.3573,0.3778,0.385
0.2673,0.2943,0.2717,0.03731,0.0788,0.1667,0.2299,0.2473,0.3161
0.2499,0.2998,0.3142,0.043,0.06356,0.1483,0.3643,0.3509,0.3699
0.2345,0.2669,0.1911,0.04593,0.08863,0.1789,0.3486,0.3224,0.3021
0.1532,0.2073,0.1487,0.01645,0.05381,0.1341,0.3284,0.3485,0.2911
0.3647,0.3183,0.3953,0.05631,0.078,0.1801,0.332,0.3156,0.3898
0.2916,0.2664,0.4903,0.01548,0.02791,0.104,0.2965,0.3258,0.3402
0.07766,0.3318,0.1624,0.01115,0.0252,0.1345,0.2075,0.2812,0.4133
0.1561,0.269,0.1984,0.01729,0.03546,0.164,0.2758,0.3474,0.3047
0.1139,0.2575,0.1922,0.01408,0.03598,0.1072,0.3158,0.3873,0.3277
0.1429,0.2249,0.1662,0.02742,0.05209,0.1286,0.3511,0.43,0.3069
0.3152,0.36,0.2666,0.1083,0.1751,0.2771,0.3393,0.3423,0.4163
0.1434,0.1908,0.1793,0.0158,0.02924,0.09718,0.3302,0.4601,0.2699
0.1271,0.2488,0.1882,0.01675,0.03287,0.1063,0.3812,0.4056,0.3328
0.1259,0.1745,0.2096,0.005609,0.01604,0.08834,0.374,0.4656,0.2768
0.1717,0.1682,0.1327,0.01016,0.02806,0.08391,0.4138,0.3268,0.2498
0.2166,0.2205,0.2122,0.04801,0.08631,0.1361,0.3375,0.3637,0.2992
0.2468,0.1882,0.3679,0.01018,0.0275,0.07434,0.3215,0.2892,0.2637
0.2424,0.3376,0.297,0.07335,0.1122,0.2165,0.3185,0.3326,0.3767
0.2137,0.3053,0.3052,0.03197,0.05933,0.1479,0.2784,0.3083,0.3758
0.1418,0.215,0.1364,0.02369,0.04373,0.103,0.3293,0.4303,0.2838
0.3048,0.3307,0.4423,0.06487,0.09071,0.1788,0.3538,0.3427,0.4053
0.227,0.3059,0.3364,0.02231,0.04848,0.1441,0.3027,0.3107,0.3655
0.1393,0.2005,0.1598,0.02183,0.04042,0.1062,0.333,0.4608,0.3017
0.1694,0.2726,0.1847,0.03321,0.06167,0.1618,0.3688,0.3496,0.3031
0.138,0.3619,0.184,0.02474,0.05619,0.2343,0.2224,0.2794,0.4082
0.2666,0.3251,0.2622,0.06348,0.1163,0.2232,0.3358,0.3462,0.3762
0.1748,0.2819,0.2421,0.05846,0.1027,0.2059,0.3656,0.4285,0.3546
0.201,0.2911,0.1899,0.05709,0.08925,0.2032,0.3579,0.3878,0.3514
0.2141,0.3093,0.2362,0.02702,0.04973,0.1405,0.2821,0.2751,0.3306
0.2483,0.2315,0.3291,0.01553,0.04076,0.1073,0.3325,0.3303,0.2663
0.1555,0.3103,0.1847,0.03361,0.06689,0.2119,0.332,0.34,0.3337
0.1746,0.2425,0.1989,0.01629,0.04197,0.131,0.3213,0.3071,0.3157
0.1366,0.3225,0.1822,0.03215,0.06682,0.1534,0.4024,0.3819,0.3289
0.1282,0.2658,0.1428,0.02186,0.05242,0.1354,0.2763,0.3705,0.3416
0.1755,0.2345,0.1686,0.0322,0.06598,0.1358,0.3754,0.3756,0.3036
0.1992,0.2687,0.175,0.02154,0.05039,0.1562,0.2442,0.2543,0.32
0.1531,0.1937,0.154,0.01505,0.03391,0.09397,0.3285,0.3386,0.294
0.1849,0.2826,0.244,0.03738,0.06459,0.1426,0.3144,0.3765,0.3233
0.1248,0.1945,0.134,0.01749,0.03766,0.09928,0.3358,0.4167,0.307
0.1205,0.2172,0.1241,0.01617,0.04029,0.1158,0.3505,0.3606,0.2937
0.2438,0.3487,0.2208,0.0879,0.135,0.1935,0.3197,0.3695,0.3845
0.1326,0.1941,0.1241,0.01974,0.03789,0.1071,0.3523,0.4273,0.2844
0.1847,0.3185,0.2212,0.0581,0.09913,0.2162,0.2952,0.3665,0.3624
0.1336,0.2266,0.1229,0.01717,0.03421,0.1274,0.2934,0.3516,0.271
0.2007,0.2717,0.1903,0.04053,0.07904,0.1698,0.3777,0.3587,0.3282
0.1199,0.2466,0.1522,0.01417,0.02976,0.1168,0.2221,0.3365,0.3122
0.1455,0.252,0.1521,0.04076,0.06553,0.1598,0.3608,0.3973,0.3446
0.2739,0.2214,0.2871,0.0316,0.06261,0.1312,0.3273,0.3111,0.2915
0.2201,0.2694,0.2512,0.03374,0.0702,0.1513,0.3322,0.3573,0.3392
0.1314,0.3225,0.2501,0.02085,0.04334,0.148,0.3097,0.3759,0.3893
0.2015,0.246,0.1801,0.02208,0.04908,0.1326,0.3405,0.3156,0.2849
0.16,0.2645,0.1558,0.03362,0.06775,0.1463,0.314,0.3632,0.3294
0.1824,0.3226,0.3118,0.04498,0.06657,0.1655,0.384,0.424,0.4176
0.1942,0.1619,0.1882,0.02398,0.03575,0.1124,0.3737,0.4709,0.2539
0.1552,0.1643,0.2144,0.01101,0.02699,0.1066,0.2822,0.3402,0.2687
0.2133,0.3303,0.2189,0.07478,0.118,0.2158,0.3485,0.3642,0.3405
0.2518,0.2196,0.27,0.01955,0.03728,0.1199,0.3987,0.3972,0.3059
0.1748,0.3022,0.2225,0.02762,0.0595,0.1478,0.3064,0.3177,0.3332
0.1692,0.3322,0.2121,0.0222,0.05395,0.1596,0.2299,0.2593,0.3344
0.2724,0.2088,0.2847,0.03944,0.05916,0.1441,0.4069,0.4667,0.2755
0.2122,0.3217,0.2697,0.03412,0.06542,0.1646,0.3835,0.3559,0.365
0.1602,0.3359,0.2866,0.02408,0.04084,0.1466,0.2872,0.3587,0.3594
0.1747,0.2899,0.2098,0.0462,0.07251,0.155,0.2717,0.3348,0.334
0.1235,0.3441,0.288,0.01855,0.03933,0.1632,0.2319,0.2947,0.3649
0.2258,0.2544,0.2106,0.02678,0.05701,0.1318,0.3378,0.3128,0.2984
0.203,0.3004,0.2775,0.02527,0.0654,0.1627,0.4141,0.3484,0.351
0.1568,0.2483,0.189,0.02563,0.05169,0.132,0.2892,0.3493,0.3209
0.1747,0.3007,0.2761,0.02879,0.05879,0.1384,0.3099,0.363,0.378
0.2233,0.3056,0.2309,0.0656,0.1159,0.2133,0.3396,0.3606,0.3593
0.251,0.1759,0.304,0.01582,0.0351,0.1152,0.361,0.358,0.2843
0.2467,0.3139,0.2841,0.07497,0.1324,0.208,0.3741,0.3494,0.3704
0.2617,0.2504,0.2566,0.03071,0.0711,0.1592,0.2685,0.2514,0.2993
0.1529,0.2262,0.1131,0.01315,0.04241,0.123,0.348,0.3615,0.3045
0.2365,0.2924,0.5247,0.01297,0.02759,0.1266,0.2942,0.2532,0.3474
0.2834,0.2887,0.3426,0.05363,0.07549,0.1656,0.3161,0.3401,0.3575
0.1911,0.2705,0.2401,0.02463,0.05038,0.135,0.3147,0.3053,0.3073
0.2565,0.3188,0.3819,0.03159,0.0555,0.1505,0.2765,0.2704,0.3417
0.1656,0.3196,0.214,0.04246,0.08431,0.1794,0.3641,0.3594,0.3888
0.1526,0.2731,0.1845,0.03369,0.0616,0.1471,0.3012,0.3772,0.3046
0.1796,0.1943,0.2201,0.01145,0.03446,0.1094,0.2892,0.2529,0.2971
0.1101,0.294,0.1462,0.01004,0.03039,0.1457,0.1836,0.233,0.3108
0.1511,0.2354,0.1896,0.02,0.0408,0.1291,0.336,0.3487,0.3188
0.1765,0.3155,0.3133,0.03365,0.05151,0.1624,0.3413,0.39,0.3762
0.1503,0.2323,0.1306,0.02391,0.05364,0.1338,0.333,0.3772,0.305
0.1632,0.2317,0.149,0.02265,0.05361,0.1194,0.3777,0.3697,0.3127
0.2486,0.3087,0.419,0.02782,0.04834,0.1325,0.2279,0.2647,0.3254
0.2039,0.2756,0.1925,0.0374,0.07994,0.1521,0.3087,0.2926,0.3263
0.3336,0.2324,0.419,0.03521,0.04583,0.1347,0.3602,0.4132,0.2906
0.1978,0.2616,0.1993,0.01795,0.04637,0.1288,0.3036,0.3313,0.3486
0.1835,0.2603,0.1921,0.02582,0.0606,0.1461,0.3514,0.3184,0.316
0.1615,0.2217,0.1541,0.01003,0.03307,0.1259,0.2689,0.2507,0.2653
0.1681,0.2602,0.1503,0.03163,0.0647,0.162,0.3303,0.3383,0.3006
0.2264,0.2614,0.2049,0.05048,0.09068,0.1708,0.3465,0.3576,0.3254
0.1844,0.3159,0.2491,0.03298,0.05743,0.1486,0.3974,0.3786,0.3609
0.1529,0.2595,0.1422,0.02194,0.04943,0.1547,0.3575,0.365,0.3263
0.2896,0.3524,0.3008,0.06418,0.1054,0.2119,0.263,0.2726,0.3667
0.08943,0.1847,0.1288,0.01815,0.03486,0.1105,0.3362,0.4611,0.3194
0.1776,0.2903,0.1964,0.02839,0.04907,0.1377,0.3313,0.33,0.3235
0.179,0.2514,0.1931,0.01982,0.04782,0.1288,0.322,0.3053,0.2808
0.2711,0.2783,0.2361,0.04797,0.09207,0.1763,0.3479,0.3283,0.3421
0.196,0.2555,0.2159,0.02143,0.05345,0.1265,0.294,0.2588,0.3177
0.1634,0.3398,0.2893,0.03551,0.06999,0.2128,0.3801,0.4363,0.4438
0.2236,0.3287,0.3278,0.07185,0.09747,0.197,0.389,0.4241,0.3881
0.1078,0.2281,0.1792,0.02006,0.03749,0.09855,0.306,0.4291,0.3307
0.1229,0.2252,0.1274,0.01938,0.04842,0.1259,0.3208,0.3654,0.3012
0.2053,0.3714,0.2376,0.0798,0.1263,0.2675,0.3261,0.3394,0.3969
0.2008,0.2968,0.231,0.05408,0.09288,0.1954,0.3281,0.3554,0.3703
0.2525,0.2063,0.2415,0.0214,0.05535,0.1259,0.3347,0.3628,0.2753
0.1543,0.2263,0.163,0.0246,0.05257,0.1197,0.3573,0.381,0.3102
0.1453,0.2615,0.1459,0.0241,0.04981,0.1512,0.2861,0.325,0.3073
0.1701,0.2561,0.225,0.008467,0.0214,0.1017,0.1805,0.2168,0.3147
0.1422,0.2564,0.2255,0.01715,0.04923,0.1574,0.3812,0.3358,0.3231
0.1983,0.2345,0.215,0.03241,0.06993,0.1559,0.4386,0.3696,0.32
0.2849,0.342,0.284,0.08155,0.1261,0.2263,0.2992,0.3194,0.3547
0.1938,0.3178,0.2729,0.03464,0.06705,0.1756,0.3786,0.3474,0.3954
0.1913,0.3171,0.2424,0.04932,0.09309,0.2264,0.3683,0.3829,0.3316
0.2072,0.257,0.3242,0.03,0.0505,0.1728,0.3353,0.3875,0.3114
0.1362,0.2356,0.1506,0.02926,0.05491,0.1324,0.3052,0.4184,0.288
0.2327,0.3097,0.2949,0.05293,0.0946,0.2228,0.3114,0.2994,0.3651
0.1559,0.2649,0.1953,0.03121,0.07189,0.1881,0.3893,0.3697,0.3485
0.1297,0.3624,0.262,0.01563,0.03128,0.1735,0.2166,0.2588,0.3481
0.2383,0.3341,0.259,0.06571,0.1086,0.1868,0.3159,0.358,0.3681
0.2011,0.3054,0.2938,0.03233,0.06735,0.1989,0.3797,0.3589,0.3897
0.1463,0.2175,0.1725,0.01106,0.03331,0.0881,0.3012,0.3649,0.2724
0.2863,0.3053,0.4191,0.02121,0.04105,0.1612,0.2556,0.2445,0.3201
0.1985,0.252,0.176,0.02695,0.0665,0.1481,0.3818,0.3951,0.311
0.07869,0.2764,0.1334,0.0119,0.02481,0.1293,0.2435,0.3205,0.393
0.1677,0.2705,0.3212,0.0215,0.04179,0.18,0.2811,0.3508,0.3275
0.2466,0.261,0.3734,0.0376,0.05417,0.1376,0.3289,0.4089,0.312
0.2033,0.3218,0.2671,0.04218,0.06775,0.2029,0.3277,0.3559,0.3943
0.2096,0.2871,0.2234,0.06055,0.101,0.182,0.3494,0.384,0.352
0.2164,0.2038,0.222,0.03669,0.05465,0.1287,0.4213,0.4984,0.2629
0.1797,0.3525,0.2368,0.05336,0.09553,0.2329,0.3643,0.3604,0.4056
0.1621,0.2282,0.1833,0.02443,0.04853,0.1128,0.3396,0.3851,0.2839
0.1983,0.2626,0.172,0.04409,0.07814,0.1609,0.3821,0.3793,0.3059
0.2275,0.2343,0.2778,0.04055,0.06602,0.1729,0.3666,0.4522,0.3034
0.2182,0.4025,0.3245,0.0535,0.07757,0.2208,0.3132,0.3106,0.4065
0.1868,0.2527,0.1686,0.04184,0.07413,0.1523,0.3749,0.3883,0.3011
0.3864,0.2743,0.4795,0.02058,0.04218,0.1271,0.3391,0.3315,0.3065
0.222,0.1751,0.2181,0.01015,0.03622,0.1022,0.2632,0.2553,0.241
0.179,0.283,0.1868,0.06223,0.09655,0.1698,0.3214,0.4103,0.3691
0.1281,0.2388,0.14,0.03237,0.05664,0.1454,0.3592,0.3821,0.3353
0.1874,0.2872,0.2392,0.03078,0.0501,0.1445,0.3644,0.3553,0.3726
0.1724,0.2737,0.1841,0.05679,0.08205,0.1572,0.3123,0.4274,0.3789
0.1462,0.311,0.2133,0.01889,0.04234,0.1692,0.2693,0.3059,0.3668
0.2486,0.3195,0.2814,0.02849,0.06364,0.165,0.2531,0.2343,0.3137
